id,ime,datum_rojstva,drzava,fakulteta
cunnija01,Jared Cunningham,1991-05-22,US,Oregon State
dellama01,Matthew Dellavedova,1990-09-08,AU,Saint Mary's
fryech01,Channing Frye,1983-05-17,US,Arizona
harrijo01,Joe Harris,1991-09-06,US,Virginia
irvinky01,Kyrie Irving,1992-03-23,AU,Duke
jamesle01,LeBron James,1984-12-30,US,
jefferi01,Richard Jefferson,1980-06-21,US,Arizona
jonesda02,Dahntay Jones,1980-12-27,US,"Rutgers University, Duke"
jonesja02,James Jones,1980-10-04,US,Miami (FL)
kaunsa01,Sasha Kaun,1985-05-08,RU,Kansas
loveke01,Kevin Love,1988-09-07,US,UCLA
mcraejo01,Jordan McRae,1991-03-28,US,Tennessee
mozgoti01,Timofey Mozgov,1986-07-16,RU,
shumpim01,Iman Shumpert,1990-06-26,US,Georgia Tech
smithjr01,J.R. Smith,1985-09-09,US,North Carolina A&T
thomptr01,Tristan Thompson,1991-03-13,CA,Texas
varejan01,Anderson Varejão,1982-09-28,BR,
willima01,Mo Williams,1982-12-19,US,Alabama
bennean01,Anthony Bennett,1993-03-14,CA,UNLV
biyombi01,Bismack Biyombo,1992-08-28,CD,
cabocbr01,Bruno Caboclo,1995-09-21,BR,
carrode01,DeMarre Carroll,1986-07-27,US,"Vanderbilt, Missouri"
derozde01,DeMar DeRozan,1989-08-07,US,USC
johnsja01,James Johnson,1987-02-20,US,Wake Forest
josepco01,Cory Joseph,1991-08-20,CA,Texas
lowryky01,Kyle Lowry,1986-03-25,US,Villanova
noguelu01,Lucas Nogueira,1992-07-26,BR,
pattepa01,Patrick Patterson,1989-03-14,US,Kentucky
powelno01,Norman Powell,1993-05-25,US,UCLA
rosste01,Terrence Ross,1991-02-05,US,Washington
scolalu01,Luis Scola,1980-04-30,AR,
thompja02,Jason Thompson,1986-07-21,US,Rider University
valanjo01,Jonas Valančiūnas,1992-05-06,LT,
wrighde01,Delon Wright,1992-04-26,US,Utah
anderch01,Chris Andersen,1978-07-07,US,Blinn College
boshch01,Chris Bosh,1984-03-24,US,Georgia Tech
chalmma01,Mario Chalmers,1986-05-19,US,Kansas
denglu01,Luol Deng,1985-04-16,SS,Duke
dragigo01,Goran Dragić,1986-05-06,SI,
ennisja01,James Ennis III,1990-07-01,US,Cal State Long Beach
greenge01,Gerald Green,1986-01-26,US,
hasleud01,Udonis Haslem,1980-06-09,US,Florida
johnsjo02,Joe Johnson,1981-06-29,US,Arkansas
johnsty01,Tyler Johnson,1992-05-07,US,Fresno State
mcrobjo01,Josh McRoberts,1987-02-28,US,Duke
richajo01,Josh Richardson,1993-09-15,US,Tennessee
stokeja01,Jarnell Stokes,1994-01-07,US,Tennessee
stoudam01,Amar'e Stoudemire,1982-11-16,US,
udrihbe01,Beno Udrih,1982-07-05,SI,
wadedw01,Dwyane Wade,1982-01-17,US,Marquette
weberbr01,Briante Weber,1992-12-29,US,VCU
whiteha01,Hassan Whiteside,1989-06-13,US,Marshall
winslju01,Justise Winslow,1996-03-26,US,Duke
wrighdo01,Dorell Wright,1985-12-02,US,
bazemke01,Kent Bazemore,1989-07-01,US,Old Dominion
hardati02,Tim Hardaway Jr.,1992-03-16,US,Michigan
hinriki01,Kirk Hinrich,1981-01-02,US,Kansas
holidju01,Justin Holiday,1989-04-05,US,Washington
horfoal01,Al Horford,1986-06-03,DO,Florida
humphkr01,Kris Humphries,1985-02-06,US,Minnesota
korveky01,Kyle Korver,1981-03-17,US,Creighton
macksh01,Shelvin Mack,1990-04-22,US,Butler
millspa01,Paul Millsap,1985-02-10,US,Louisiana Tech
muscami01,Mike Muscala,1991-07-01,US,Bucknell
pattela01,Lamar Patterson,1991-08-12,US,Pitt
schrode01,Dennis Schröder,1993-09-15,DE,
scottmi01,Mike Scott,1988-07-16,US,Virginia
sefolth01,Thabo Sefolosha,1984-05-02,CH,
splitti01,Tiago Splitter,1985-01-01,BR,
tavarwa01,Edy Tavares,1992-03-22,CV,
teaguje01,Jeff Teague,1988-06-10,US,Wake Forest
bradlav01,Avery Bradley,1990-11-26,US,Texas
clarkco01,Coty Clarke,1992-07-04,US,Arkansas
crowdja01,Jae Crowder,1990-07-06,US,Marquette
hollajo02,John Holland,1988-11-06,US,Boston University
hunterj01,R.J. Hunter,1993-10-24,US,Georgia State University
jerebjo01,Jonas Jerebko,1987-03-02,SE,
johnsam01,Amir Johnson,1987-05-01,US,
leeda02,David Lee,1983-04-29,US,Florida
mickejo01,Jordan Mickey,1994-07-09,US,LSU
olynyke01,Kelly Olynyk,1991-04-19,CA,Gonzaga
roziete01,Terry Rozier,1994-03-17,US,Louisville
smartma01,Marcus Smart,1994-03-06,US,Oklahoma State
sullija01,Jared Sullinger,1992-03-04,US,Ohio State
thomais02,Isaiah Thomas,1989-02-07,US,Washington
turneev01,Evan Turner,1988-10-27,US,Ohio State
youngja01,James Young,1995-08-16,US,Kentucky
zellety01,Tyler Zeller,1990-01-17,US,UNC
batumni01,Nicolas Batum,1988-12-14,FR,
danietr01,Troy Daniels,1991-07-15,US,VCU
gutiejo01,Jorge Gutiérrez,1988-12-27,MX,California
hairspj02,P.J. Hairston,1992-12-24,US,UNC
hansbty01,Tyler Hansbrough,1985-11-03,US,UNC
harriaa01,Aaron Harrison,1994-10-28,US,Kentucky
hawessp01,Spencer Hawes,1988-04-28,US,Washington
jeffeal01,Al Jefferson,1985-01-04,US,
kaminfr01,Frank Kaminsky,1993-04-04,US,Wisconsin
kiddgmi01,Michael Kidd-Gilchrist,1993-09-26,US,Kentucky
lambje01,Jeremy Lamb,1992-05-30,US,UConn
leeco01,Courtney Lee,1985-10-03,US,Western Kentucky
linje01,Jeremy Lin,1988-08-23,US,Harvard University
roberbr01,Brian Roberts,1985-12-03,US,Dayton
walkeke02,Kemba Walker,1990-05-08,US,UConn
willima02,Marvin Williams,1986-06-19,US,UNC
zelleco01,Cody Zeller,1992-10-05,US,Indiana
allenla01,Lavoy Allen,1989-02-04,US,Temple
budinch01,Chase Budinger,1988-05-22,US,Arizona
chrisra01,Rakeem Christmas,1991-12-01,US,Syracuse
ellismo01,Monta Ellis,1985-10-26,US,
georgpa01,Paul George,1990-05-02,US,Fresno State
hillge01,George Hill,1986-05-04,US,IUPUI
hilljo01,Jordan Hill,1987-07-27,US,Arizona
hillso01,Solomon Hill,1991-03-18,US,Arizona
lawsoty01,Ty Lawson,1987-11-03,US,UNC
mahinia01,Ian Mahinmi,1986-11-05,FR,
milescj01,C.J. Miles,1987-03-18,US,
robingl02,Glenn Robinson III,1994-01-08,US,Michigan
stuckro01,Rodney Stuckey,1986-04-21,US,Eastern Washington
turnemy01,Myles Turner,1996-03-24,US,Texas
whittsh01,Shayne Whittington,1991-03-27,US,Western Michigan
youngjo01,Joe Young,1992-06-27,US,"Houston, Oregon"
anthojo01,Joel Anthony,1982-08-09,CA,UNLV
baynear01,Aron Baynes,1986-12-09,NZ,Washington State
blakest01,Steve Blake,1980-02-26,US,Maryland
bullore01,Reggie Bullock,1991-03-16,US,UNC
caldwke01,Kentavious Caldwell-Pope,1993-02-18,US,Georgia
dinwisp01,Spencer Dinwiddie,1993-04-06,US,Colorado
drumman01,Andre Drummond,1993-08-10,US,UConn
harpeju01,Justin Harper,1989-08-30,US,Richmond
harrito02,Tobias Harris,1992-07-15,US,Tennessee
hillida01,Darrun Hilliard,1993-04-13,US,Villanova
ilyaser01,Ersan İlyasova,1987-05-15,TR,
jacksre01,Reggie Jackson,1990-04-16,IT,Boston College
jennibr01,Brandon Jennings,1989-09-23,US,
johnsst04,Stanley Johnson,1996-05-29,US,Arizona
meeksjo01,Jodie Meeks,1987-08-21,US,Kentucky
morrima03,Marcus Morris,1989-09-02,US,Kansas
tollian01,Anthony Tolliver,1985-06-01,US,Creighton
bairsca01,Cameron Bairstow,1990-12-07,AU,New Mexico
brookaa01,Aaron Brooks,1985-01-14,US,Oregon
butleji01,Jimmy Butler,1989-09-14,US,"Tyler Junior College, Marquette"
dunlemi02,Mike Dunleavy,1980-09-15,US,Duke
feliccr01,Cristiano Felício,1992-07-07,BR,
gasolpa01,Pau Gasol,1980-07-06,ES,
gibsota01,Taj Gibson,1985-06-24,US,USC
mcderdo01,Doug McDermott,1992-01-03,US,Creighton
mirotni01,Nikola Mirotić,1991-02-11,ME,
mooreet01,E'Twaun Moore,1989-02-25,US,Purdue
noahjo01,Joakim Noah,1985-02-25,US,Florida
portibo01,Bobby Portis,1995-02-10,US,Arkansas
rosede01,Derrick Rose,1988-10-04,US,Memphis
snellto01,Tony Snell,1991-11-10,US,New Mexico
anderal01,Alan Anderson,1982-10-16,US,Michigan State
bealbr01,Bradley Beal,1993-06-28,US,Florida
blairde01,DeJuan Blair,1989-04-22,US,Pitt
dudleja01,Jared Dudley,1985-07-10,US,Boston College
eddieja01,Jarell Eddie,1991-10-30,US,Virginia Tech
goodedr01,Drew Gooden,1981-09-24,US,Kansas
gortama01,Marcin Gortat,1984-02-17,PL,
hicksjj01,J.J. Hickson,1988-09-04,US,NC State
hilarne01,Nenê,1982-09-13,BR,
holliry01,Ryan Hollins,1984-10-10,US,UCLA
morrima02,Markieff Morris,1989-09-02,US,Kansas
nealga01,Gary Neal,1984-10-03,US,"La Salle, Towson University"
oubreke01,Kelly Oubre Jr.,1995-12-09,US,Kansas
porteot01,Otto Porter Jr.,1993-06-03,US,Georgetown
sessira01,Ramon Sessions,1986-04-11,US,Nevada
templga01,Garrett Temple,1986-05-08,US,LSU
thornma01,Marcus Thornton,1987-06-05,US,LSU
walljo01,John Wall,1990-09-06,US,Kentucky
applike01,Keith Appling,1992-02-13,US,Michigan State
dedmode01,Dewayne Dedmon,1989-08-12,US,USC
fournev01,Evan Fournier,1992-10-29,FR,
gordoaa01,Aaron Gordon,1995-09-16,US,Arizona
hezonma01,Mario Hezonja,1995-02-25,HR,
marblde01,Devyn Marble,1992-09-21,US,Iowa
napiesh01,Shabazz Napier,1991-07-14,US,UConn
nichoan01,Andrew Nicholson,1989-12-08,CA,St. Bonaventure
oladivi01,Victor Oladipo,1992-05-04,US,Indiana
paytoel01,Elfrid Payton,1994-02-22,US,Louisiana
smithja02,Jason Smith,1986-03-02,US,Colorado State
vucevni01,Nikola Vučević,1990-10-24,CH,USC
watsocj01,C.J. Watson,1984-04-17,US,Tennessee
antetgi01,Giannis Antetokounmpo,1994-12-06,GR,
bayleje01,Jerryd Bayless,1988-08-20,US,Arizona
cartemi01,Michael Carter-Williams,1991-10-10,US,Syracuse
copelch01,Chris Copeland,1984-03-17,US,Colorado
ennisty01,Tyler Ennis,1994-08-24,CA,Syracuse
hensojo01,John Henson,1990-12-28,US,UNC
inglida01,Damien Inglis,1995-05-20,GF,
mayooj01,O.J. Mayo,1987-11-05,US,USC
middlkh01,Khris Middleton,1991-08-12,US,Texas A&M
monrogr01,Greg Monroe,1990-06-04,US,Georgetown
novakst01,Steve Novak,1983-06-13,US,Marquette
obryajo01,Johnny O'Bryant,1993-06-01,US,LSU
parkeja01,Jabari Parker,1995-03-15,US,Duke
plumlmi01,Miles Plumlee,1988-09-01,US,Duke
vasqugr01,Greivis Vásquez,1987-01-16,VE,Maryland
vaughra01,Rashad Vaughn,1996-08-16,US,UNLV
afflaar01,Arron Afflalo,1985-10-15,US,UCLA
amundlo01,Lou Amundson,1982-12-07,US,UNLV
antetth01,Thanasis Antetokounmpo,1992-07-18,GR,
anthoca01,Carmelo Anthony,1984-05-29,US,Syracuse
caldejo01,José Calderón,1981-09-28,ES,
earlycl01,Cleanthony Early,1991-04-17,US,Wichita State
fredeji01,Jimmer Fredette,1989-02-25,US,BYU
gallola01,Langston Galloway,1991-12-09,US,Saint Joseph's
grantje02,Jerian Grant,1992-10-09,US,Notre Dame
lopezro01,Robin Lopez,1988-04-01,US,Stanford
oquinky01,Kyle O'Quinn,1990-03-26,US,Norfolk State
porzikr01,Kristaps Porziņģis,1995-08-02,LV,
serapke01,Kevin Séraphin,1989-12-07,GF,
thomala01,Lance Thomas,1988-04-24,US,Duke
vujacsa01,Sasha Vujačić,1984-03-08,SI,
willide02,Derrick Williams,1991-05-25,US,Arizona
bargnan01,Andrea Bargnani,1985-10-26,IT,
bogdabo02,Bojan Bogdanović,1989-04-18,BA,
brownma02,Markel Brown,1992-01-29,US,Oklahoma State
ellinwa01,Wayne Ellington,1987-11-29,US,UNC
holliro01,Rondae Hollis-Jefferson,1995-01-03,US,Arizona
jackja01,Jarrett Jack,1983-10-28,US,Georgia Tech
karasse01,Sergey Karasev,1993-10-26,RU,
kilpase01,Sean Kilpatrick,1990-01-06,US,Cincinnati
larkish01,Shane Larkin,1992-10-02,US,Miami (FL)
lopezbr01,Brook Lopez,1988-04-01,US,Stanford
mcculch01,Chris McCullough,1995-02-05,US,Syracuse
reedwi02,Willie Reed,1990-05-16,US,Saint Louis
robinth01,Thomas Robinson,1991-03-17,US,Kansas
simshe01,Henry Sims,1990-03-27,US,Georgetown
sloando01,Donald Sloan,1988-01-15,US,Texas A&M
youngth01,Thaddeus Young,1988-06-21,US,Georgia Tech
brandel01,Elton Brand,1979-03-11,US,Duke
canaais01,Isaiah Canaan,1991-05-21,US,Murray State
covinro01,Robert Covington,1990-12-14,US,Tennessee State
grantje01,Jerami Grant,1994-03-12,US,Syracuse
holmeri01,Richaun Holmes,1993-10-15,US,Bowling Green
landrca01,Carl Landry,1983-09-19,US,"Vincennes University, Purdue"
marshke01,Kendall Marshall,1991-08-19,US,UNC
mccontj01,T.J. McConnell,1992-03-25,US,"Duquesne, Arizona"
noelne01,Nerlens Noel,1994-04-10,US,Kentucky
okafoja01,Jahlil Okafor,1995-12-15,US,Duke
pressph01,Phil Pressey,1991-02-17,US,Missouri
sampsja02,JaKarr Sampson,1993-03-20,US,St. John's
smithis01,Ish Smith,1988-07-05,US,Wake Forest
stausni01,Nik Stauskas,1993-10-07,CA,Michigan
thompho01,Hollis Thompson,1991-04-03,US,Georgetown
weemsso01,Sonny Weems,1986-07-08,US,Arkansas
woodch01,Christian Wood,1995-09-27,US,UNLV
wroteto01,Tony Wroten,1993-04-13,US,Washington
barbole01,Leandro Barbosa,1982-11-28,BR,
barneha02,Harrison Barnes,1992-05-30,US,UNC
bogutan01,Andrew Bogut,1984-11-28,AU,Utah
clarkia01,Ian Clark,1991-03-07,US,Belmont
curryst01,Stephen Curry,1988-03-14,US,Davidson
ezelife01,Festus Ezeli,1989-10-21,NG,Vanderbilt
greendr01,Draymond Green,1990-03-04,US,Michigan State
iguodan01,Andre Iguodala,1984-01-28,US,Arizona
livinsh01,Shaun Livingston,1985-09-11,US,
looneke01,Kevon Looney,1996-02-06,US,UCLA
mcadoja01,James Michael McAdoo,1993-01-04,US,UNC
rushbr01,Brandon Rush,1985-07-07,US,Kansas
speigma01,Marreese Speights,1987-08-04,US,Florida
thompkl01,Klay Thompson,1990-02-08,US,Washington State
aldrila01,LaMarcus Aldridge,1985-07-19,US,Texas
anderky01,Kyle Anderson,1993-09-20,US,UCLA
bonnema01,Matt Bonner,1980-04-05,US,Florida
butlera01,Rasual Butler,1979-05-23,US,La Salle
diawbo01,Boris Diaw,1982-04-16,FR,
duncati01,Tim Duncan,1976-04-25,VI,Wake Forest
ginobma01,Manu Ginóbili,1977-07-28,AR,
greenda02,Danny Green,1987-06-22,US,UNC
leonaka01,Kawhi Leonard,1991-06-29,US,San Diego State
marjabo01,Boban Marjanović,1988-08-15,RS,
martike02,Kevin Martin,1983-02-01,US,Western Carolina University
mccalra01,Ray McCallum,1991-06-12,US,Detroit Mercy
millean02,Andre Miller,1976-03-19,US,Utah
millspa02,Patty Mills,1988-08-11,AU,Saint Mary's
parketo01,Tony Parker,1982-05-17,BE,
simmojo02,Jonathon Simmons,1989-09-14,US,Houston
westda01,David West,1980-08-29,US,Xavier
adamsst01,Steven Adams,1993-07-20,NZ,Pitt
augusdj01,D.J. Augustin,1987-11-10,US,Texas
collini01,Nick Collison,1980-10-26,US,Kansas
duranke01,Kevin Durant,1988-09-29,US,Texas
foyera01,Randy Foye,1983-09-24,US,Villanova
kanteen01,Enes Freedom,1992-05-20,CH,Kentucky
huestjo01,Josh Huestis,1991-12-19,US,Stanford
ibakase01,Serge Ibaka,1989-09-18,CG,
mcgarmi01,Mitch McGary,1992-06-06,US,Michigan
mohamna01,Nazr Mohammed,1977-09-05,US,Kentucky
morroan01,Anthony Morrow,1985-09-27,US,Georgia Tech
payneca01,Cameron Payne,1994-08-08,US,Murray State
roberan03,Andre Roberson,1991-12-04,US,Colorado
singlky01,Kyle Singler,1988-05-04,US,Duke
waitedi01,Dion Waiters,1991-12-10,US,Syracuse
westbru01,Russell Westbrook,1988-11-12,US,UCLA
aldrico01,Cole Aldrich,1988-10-31,US,Kansas
pendeje02,Jeff Ayres,1987-04-29,US,Arizona State
crawfja01,Jamal Crawford,1980-03-20,US,Michigan
dawsobr01,Branden Dawson,1993-02-01,US,Michigan State
greenje02,Jeff Green,1986-08-28,US,Georgetown
griffbl01,Blake Griffin,1989-03-16,US,Oklahoma
johnswe01,Wesley Johnson,1987-07-11,US,"Iowa State, Syracuse"
jordade01,DeAndre Jordan,1988-07-21,US,Texas A&M
mbahalu01,Luc Mbah a Moute,1986-09-09,CM,UCLA
paulch01,Chris Paul,1985-05-06,US,Wake Forest
piercpa01,Paul Pierce,1977-10-13,US,Kansas
prigipa01,Pablo Prigioni,1977-05-17,AR,
redicjj01,JJ Redick,1984-06-24,US,Duke
riverau01,Austin Rivers,1992-08-01,US,Duke
smithjo03,Josh Smith,1985-12-05,US,
stephla01,Lance Stephenson,1990-09-05,US,Cincinnati
stephal01,Alex Stepheson,1987-08-07,US,"UNC, USC"
wilcocj01,C.J. Wilcox,1990-12-30,US,Washington
alexacl01,Cliff Alexander,1995-11-16,US,Kansas
aminual01,Al-Farouq Aminu,1990-09-21,US,Wake Forest
connapa01,Pat Connaughton,1993-01-06,US,Notre Dame
crabbal01,Allen Crabbe,1992-04-09,US,California
davised01,Ed Davis,1989-06-05,US,UNC
fraziti01,Tim Frazier,1990-11-01,US,Penn State
harklma01,Maurice Harkless,1993-05-11,US,St. John's
hendege02,Gerald Henderson,1987-12-09,US,Duke
kamanch01,Chris Kaman,1982-04-28,US,Central Michigan University
leoname01,Meyers Leonard,1992-02-27,US,Illinois
lillada01,Damian Lillard,1990-07-15,US,Weber State
mccolcj01,CJ McCollum,1991-09-19,US,Lehigh
montelu01,Luis Montero,1993-04-06,DO,Westchester CC
plumlma01,Mason Plumlee,1990-03-05,US,Duke
vonleno01,Noah Vonleh,1995-08-24,US,Indiana
anderju01,Justin Anderson,1993-11-19,US,Virginia
bareajo01,J.J. Barea,1984-06-26,PR,Northeastern University
evansje01,Jeremy Evans,1987-10-24,US,Western Kentucky
feltora01,Raymond Felton,1984-06-26,US,UNC
harride01,Devin Harris,1983-02-27,US,Wisconsin
jenkijo01,John Jenkins,1991-03-06,US,Vanderbilt
matthwe02,Wesley Matthews,1986-10-14,US,Marquette
mcgeeja01,JaVale McGee,1988-01-19,US,Nevada
mejrisa01,Salah Mejri,1986-06-15,TN,
nowitdi01,Dirk Nowitzki,1978-06-19,DE,
pachuza01,Zaza Pachulia,1984-02-10,GE,
parsoch01,Chandler Parsons,1988-10-25,US,Florida
poweldw01,Dwight Powell,1991-07-20,CA,Stanford
villach01,Charlie Villanueva,1984-08-24,US,UConn
willide01,Deron Williams,1984-06-26,US,Illinois
adamsjo01,Jordan Adams,1994-07-08,US,UCLA
allento01,Tony Allen,1982-01-11,US,"Butler County Community College, Oklahoma State"
barnema02,Matt Barnes,1980-03-09,US,UCLA
cartevi01,Vince Carter,1977-01-26,US,UNC
conlemi01,Mike Conley,1987-10-11,US,Ohio State
cottobr01,Bryce Cotton,1992-08-11,US,Providence
farmajo01,Jordan Farmar,1986-11-30,US,UCLA
gasolma01,Marc Gasol,1985-01-29,ES,
greenja01,JaMychal Green,1990-06-21,US,Alabama
martija01,Jarell Martin,1994-05-24,US,LSU
munfoxa02,Xavier Munford,1992-06-01,US,Rhode Island
randoza01,Zach Randolph,1981-07-16,US,Michigan State
smithru01,Russ Smith,1991-04-19,US,Louisville
williel01,Elliot Williams,1989-06-20,US,"Duke, Memphis"
wrighbr03,Brandan Wright,1987-10-05,US,UNC
arizatr01,Trevor Ariza,1985-06-30,US,UCLA
beaslmi01,Michael Beasley,1989-01-09,US,Kansas State
beverpa01,Patrick Beverley,1988-07-12,US,Arkansas
breweco01,Corey Brewer,1986-03-05,US,Florida
capelca01,Clint Capela,1994-05-18,CH,
dekkesa01,Sam Dekker,1994-05-06,US,Wisconsin
goudean01,Andrew Goudelock,1988-12-07,US,College of Charleston
hardeja01,James Harden,1989-08-26,US,Arizona State
harremo01,Montrezl Harrell,1994-01-26,US,Louisville
hayesch01,Chuck Hayes,1983-06-11,US,Kentucky
howardw01,Dwight Howard,1985-12-08,US,
joneste01,Terrence Jones,1992-01-09,US,Kentucky
mcdankj01,K.J. McDaniels,1993-02-09,US,Clemson
motiedo01,Donatas Motiejūnas,1990-09-20,LT,
terryja01,Jason Terry,1977-09-15,US,Arizona
booketr01,Trevor Booker,1987-11-25,US,Clemson
burketr01,Trey Burke,1992-11-12,US,Michigan
burksal01,Alec Burks,1991-07-20,US,Colorado
favorde01,Derrick Favors,1991-07-15,US,Georgia Tech
goberru01,Rudy Gobert,1992-06-26,FR,
greener01,Erick Green,1991-05-09,US,Virginia Tech
haywago01,Gordon Hayward,1990-03-23,US,Butler
hoodro01,Rodney Hood,1992-10-20,US,"Mississippi State, Duke"
inglejo01,Joe Ingles,1987-10-02,AU,
johnsch04,Chris Johnson,1990-04-29,US,Dayton
lylestr01,Trey Lyles,1995-11-05,CA,Kentucky
millsel01,Elijah Millsap,1987-08-12,US,"Louisiana, UAB"
netora01,Raul Neto,1992-05-19,BR,
obriejj01,J.J. O'Brien,1992-04-08,US,San Diego State
pleisti01,Tibor Pleiß,1989-11-02,DE,
witheje01,Jeff Withey,1990-03-07,US,Kansas
acyqu01,Quincy Acy,1990-10-06,US,Baylor
anderja01,James Anderson,1989-03-25,US,Oklahoma State
belinma01,Marco Belinelli,1986-03-25,IT,
butleca01,Caron Butler,1980-03-13,US,UConn
casspom01,Omri Casspi,1988-06-22,IL,
caulewi01,Willie Cauley-Stein,1993-08-18,US,Kentucky
collida01,Darren Collison,1987-08-23,US,UCLA
couside01,DeMarcus Cousins,1990-08-13,US,Kentucky
curryse01,Seth Curry,1990-08-23,US,"Liberty, Duke"
dukandu01,Duje Dukan,1991-12-04,HR,Wisconsin
gayru01,Rudy Gay,1986-08-17,US,UConn
koufoko01,Kosta Koufos,1989-02-24,US,Ohio State
mclembe01,Ben McLemore,1993-02-11,US,Kansas
moreler01,Eric Moreland,1991-12-24,US,Oregon State
rondora01,Rajon Rondo,1986-02-22,US,Kentucky
arthuda01,Darrell Arthur,1988-03-25,US,Kansas
bartowi01,Will Barton,1991-01-06,US,Memphis
farieke01,Kenneth Faried,1989-11-19,US,Morehead State University
gallida01,Danilo Gallinari,1988-08-08,IT,
harriga01,Gary Harris,1994-09-14,US,Michigan State
jokicni01,Nikola Jokić,1995-02-19,RS,
lauvejo01,Joffrey Lauvergne,1991-09-30,FR,
millemi01,Mike Miller,1980-02-19,US,Florida
mudiaem01,Emmanuel Mudiay,1996-03-05,CD,
nelsoja01,Jameer Nelson,1982-02-09,US,Saint Joseph's
nurkiju01,Jusuf Nurkić,1994-08-23,BA,
papanko01,Kostas Papanikolaou,1990-07-31,GR,
toupaax01,Axel Toupane,1992-07-23,FR,
ajincal01,Alexis Ajinça,1988-05-06,FR,
anderry01,Ryan Anderson,1988-05-06,US,California
asikom01,Ömer Aşık,1986-07-04,TR,
babbilu01,Luke Babbitt,1989-06-20,US,Nevada
coleno01,Norris Cole,1988-10-13,US,Cleveland State University
cunnida01,Dante Cunningham,1987-04-22,US,Villanova
davisan02,Anthony Davis,1993-03-11,US,Kentucky
dejeabr01,Bryce Dejean-Jones,1992-08-21,US,"USC, UNLV, Iowa State"
douglto01,Toney Douglas,1986-03-16,US,"Auburn, Florida State"
evansty01,Tyreke Evans,1989-09-19,US,Memphis
geeal01,Alonzo Gee,1987-05-29,US,Alabama
gordoer01,Eric Gordon,1988-12-25,US,Indiana
hamiljo02,Jordan Hamilton,1990-10-06,US,Texas
holidjr01,Jrue Holiday,1990-06-12,US,UCLA
johnsor01,Orlando Johnson,1989-03-11,US,"Loyola Marymount, UC Santa Barbara"
perkike01,Kendrick Perkins,1984-11-10,US,
robinna01,Nate Robinson,1984-05-31,US,Washington
bjeline01,Nemanja Bjelica,1988-05-09,RS,
dienggo01,Gorgui Dieng,1990-01-18,SN,Louisville
garneke01,Kevin Garnett,1976-05-19,US,
jonesty01,Tyus Jones,1996-05-10,US,Duke
lavinza01,Zach LaVine,1995-03-10,US,UCLA
muhamsh01,Shabazz Muhammad,1992-11-13,US,UCLA
paynead01,Adreian Payne,1991-02-19,US,Michigan State
pekovni01,Nikola Peković,1986-01-03,ME,
princta01,Tayshaun Prince,1980-02-28,US,Kentucky
rubiori01,Ricky Rubio,1990-10-21,ES,
rudezda01,Damjan Rudež,1986-06-17,HR,
smithgr02,Greg Smith,1991-01-08,US,Fresno State
townska01,Karl-Anthony Towns,1995-11-15,US,Kentucky
wiggian01,Andrew Wiggins,1995-02-23,CA,Kansas
bledser01,Eric Bledsoe,1989-12-09,US,Kentucky
bookede01,Devin Booker,1996-10-30,US,Kentucky
brownlo01,Lorenzo Brown,1990-08-26,US,NC State
chandty01,Tyson Chandler,1982-10-02,US,
goodwar01,Archie Goodwin,1994-08-17,US,Kentucky
jeffeco01,Cory Jefferson,1990-12-26,US,Baylor
knighbr03,Brandon Knight,1991-12-02,US,Kentucky
lenal01,Alex Len,1993-06-16,UA,Maryland
leuerjo01,Jon Leuer,1989-05-14,US,Wisconsin
pricero01,Ronnie Price,1983-06-21,US,"Nicholls State, Utah Valley"
teletmi01,Mirza Teletović,1985-09-18,BA,
tuckepj01,P.J. Tucker,1985-05-05,US,Texas
warretj01,T.J. Warren,1993-09-05,US,NC State
willial03,Alan Williams,1993-01-28,US,UC Santa Barbara
bassbr01,Brandon Bass,1985-04-30,US,LSU
blackta01,Tarik Black,1991-11-22,US,"Memphis, Kansas"
brownan02,Anthony Brown,1992-10-10,US,Stanford
bryanko01,Kobe Bryant,1978-08-23,US,
clarkjo01,Jordan Clarkson,1992-06-07,US,"Tulsa, Missouri"
hibbero01,Roy Hibbert,1986-12-11,US,Georgetown
huertma01,Marcelo Huertas,1983-05-25,BR,
kellyry01,Ryan Kelly,1991-04-09,US,Duke
nancela02,Larry Nance Jr.,1993-01-01,US,Wyoming
randlju01,Julius Randle,1994-11-29,US,Kentucky
russeda01,D'Angelo Russell,1996-02-23,US,Ohio State
sacrero01,Robert Sacre,1989-06-06,US,Gonzaga
willilo02,Lou Williams,1986-10-27,US,
artesro01,Metta World Peace,1979-11-13,US,St. John's
youngni01,Nick Young,1985-06-01,US,USC
brownja02,Jaylen Brown,1996-10-24,US,California
jacksde01,Demetrius Jackson,1994-09-07,US,Notre Dame
feldeka01,Kay Felder,1995-03-29,US,Oakland
liggide01,DeAndre Liggins,1988-03-31,US,Kentucky
sandela01,Larry Sanders,1988-11-21,US,VCU
poeltja01,Jakob Poeltl,1995-10-15,AT,Utah
siakapa01,Pascal Siakam,1994-04-02,CM,New Mexico State
vanvlfr01,Fred VanVleet,1994-02-25,US,Wichita State
houseda01,Danuel House Jr.,1993-06-07,US,Texas A&M
mcclesh01,Sheldon Mac,1992-12-21,US,"Texas, Miami (FL)"
ochefda01,Daniel Ochefu,1993-12-15,US,Villanova
satorto01,Tomáš Satoranský,1991-10-30,CZ,
bembrde01,DeAndre' Bembry,1994-07-04,US,Saint Joseph's
delanma01,Malcolm Delaney,1989-03-11,US,Virginia Tech
princta02,Taurean Prince,1994-03-22,US,Baylor
brogdma01,Malcolm Brogdon,1992-12-11,US,Virginia
makerth01,Thon Maker,1997-02-25,SS,
paytoga02,Gary Payton II,1992-12-01,US,Oregon State
niangge01,Georges Niang,1993-06-17,US,Iowa State
valende01,Denzel Valentine,1993-11-16,US,Michigan State
zipsepa01,Paul Zipser,1994-02-18,DE,
mcgruro01,Rodney McGruder,1991-07-29,US,Kansas State
whiteok01,Okaro White,1992-08-13,US,Florida State
ellenhe01,Henry Ellenson,1997-01-13,US,Marquette
gbinimi01,Michael Gbinije,1992-06-05,US,"Duke, Syracuse"
grahatr01,Treveon Graham,1993-10-28,US,VCU
tobeymi01,Mike Tobey,1994-10-10,US,Virginia
bakerro01,Ron Baker,1993-03-30,US,Wichita State
hernawi01,Willy Hernangómez,1994-05-27,ES,
kuzmimi01,Mindaugas Kuzminskas,1989-10-19,LT,
ndourma01,Maurice Ndour,1992-06-18,SN,Ohio University
plumlma02,Marshall Plumlee,1992-07-14,US,Duke
randlch01,Chasson Randle,1993-02-05,US,Stanford
garinpa01,Patricio Garino,1993-05-17,AR,George Washington
georgma01,Marcus Georges-Hunt,1994-03-28,US,Georgia Tech
onuakar01,Arinze Onuaku,1987-07-13,US,Syracuse
zimmest01,Stephen Zimmerman,1996-09-09,US,UNLV
embiijo01,Joel Embiid,1994-03-16,CM,Kansas
longsh01,Shawn Long,1993-01-29,US,Louisiana
luwawti01,Timothé Luwawu-Cabarrot,1995-05-09,FR,
poythal01,Alex Poythress,1993-09-06,US,Kentucky
rodrise01,Sergio Rodríguez,1986-06-12,ES,
saricda01,Dario Šarić,1994-04-08,HR,
ferreyo01,Yogi Ferrell,1993-05-09,US,Indiana
hamilju01,Justin Hamilton,1990-04-01,US,"Iowa State, LSU"
leverca01,Caris LeVert,1994-08-25,US,Michigan
whiteis01,Isaiah Whitehead,1995-03-08,US,Seton Hall
jonesda03,Damian Jones,1995-06-30,US,Vanderbilt
mccawpa01,Patrick McCaw,1995-10-25,US,UNLV
bertada01,Dāvis Bertāns,1992-11-12,LV,
forbebr01,Bryn Forbes,1993-07-23,US,Michigan State
laproni01,Nicolás Laprovíttola,1990-01-31,AR,
murrade01,Dejounte Murray,1996-09-19,US,Washington
brownbo02,Bobby Brown,1984-09-24,US,Cal State Fullerton
onuakch01,Chinanu Onuaku,1996-11-01,US,Louisville
taylois01,Isaiah Taylor,1994-07-11,US,Texas
willitr02,Troy Williams,1994-12-30,US,Indiana
wiltjky01,Kyle Wiltjer,1992-10-20,US,"Kentucky, Gonzaga"
johnsbr02,Brice Johnson,1994-06-27,US,UNC
stonedi01,Diamond Stone,1997-02-10,US,Maryland
bolomjo01,Joel Bolomboy,1994-01-28,UA,Weber State
exumda01,Danté Exum,1995-07-13,AU,
abrinal01,Álex Abrines,1993-08-01,ES,
chrisse01,Semaj Christon,1992-11-01,US,Xavier
sabondo01,Domantas Sabonis,1996-05-03,US,Gonzaga
baldwwa01,Wade Baldwin,1996-03-29,US,Vanderbilt
davisde01,Deyonta Davis,1996-12-02,US,Michigan State
harrian01,Andrew Harrison,1994-10-28,US,Kentucky
seldewa01,Wayne Selden,1994-09-30,US,Kansas
laymaja01,Jake Layman,1994-03-07,US,Maryland
quartti01,Tim Quarterman,1994-10-27,US,LSU
beaslma01,Malik Beasley,1996-11-26,US,Florida State
chandwi01,Wilson Chandler,1987-05-10,US,DePaul
hernaju01,Juancho Hernangómez,1995-09-28,ES,
murraja01,Jamal Murray,1997-02-23,CA,Kentucky
cookqu01,Quinn Cook,1993-03-23,US,Duke
crawfjo02,Jordan Crawford,1988-10-23,US,"Indiana, Xavier"
diallch01,Cheick Diallo,1996-09-13,ML,Kansas
hieldbu01,Buddy Hield,1992-12-17,BS,Oklahoma
willire02,Reggie Williams,1986-09-14,US,Virginia Military Institute
bentibe01,Ben Bentil,1995-03-29,GH,Providence
brussni01,Nicolás Brussino,1993-03-02,AR,
finnedo01,Dorian Finney-Smith,1993-05-04,US,Florida
gibsojo01,Jonathan Gibson,1987-11-08,US,New Mexico State
hammoaj01,A.J. Hammons,1992-08-27,US,Purdue
harrima01,Manny Harris,1989-09-21,US,Michigan
jackspi01,Pierre Jackson,1991-08-29,US,Baylor
uthofja01,Jarrod Uthoff,1993-05-19,US,Iowa
labissk01,Skal Labissière,1996-03-18,HT,Kentucky
papagge01,Georgios Papagiannis,1997-07-03,GR,
richama01,Malachi Richardson,1996-01-05,US,Syracuse
dunnkr01,Kris Dunn,1994-03-18,US,Providence
lucasjo02,John Lucas III,1982-11-21,US,"Baylor, Oklahoma State"
ingrabr01,Brandon Ingram,1997-09-02,US,Duke
nwabada01,David Nwaba,1993-01-14,US,Cal Poly
zubaciv01,Ivica Zubac,1997-03-18,BA,
bendedr01,Dragan Bender,1997-11-17,BA,
chrisma01,Marquese Chriss,1997-07-02,US,Washington
jonesde02,Derrick Jones Jr.,1997-02-15,US,UNLV
ulisty01,Tyler Ulis,1996-01-05,US,Kentucky
anunoog01,OG Anunoby,1997-07-17,GB,Indiana
hayesni01,Nigel Hayes-Davis,1994-12-16,US,Wisconsin
mckinal01,Alfonzo McKinnie,1992-09-17,US,Green Bay
millema01,Malcolm Miller,1993-03-06,US,Holy Cross
allenka01,Kadeem Allen,1993-01-15,US,Arizona
birdja01,Jabari Bird,1994-07-03,US,California
naderab01,Abdel Nader,1993-09-25,EG,"Northern Illinois, Iowa State"
ojelese01,Semi Ojeleye,1994-12-05,US,"Duke, SMU"
silasxa01,Xavier Silas,1988-01-22,US,"Colorado, Northern Illinois"
tatumja01,Jayson Tatum,1998-03-03,US,Duke
theisda01,Daniel Theis,1992-04-04,DE,
yabusgu01,Guerschon Yabusele,1995-12-17,FR,
drewla02,Larry Drew II,1990-03-05,US,"UNC, UCLA"
fultzma01,Markelle Fultz,1998-05-29,US,Washington
korkmfu01,Furkan Korkmaz,1997-07-24,TR,
pulleja01,Jacob Pullen,1989-11-10,US,Kansas State
simmobe01,Ben Simmons,1996-07-20,AU,LSU
osmande01,Cedi Osman,1995-04-08,MK,
perralo01,London Perrantes,1994-10-03,US,Virginia
zizican01,Ante Žižić,1997-01-04,HR,
anigbik01,Ike Anigbogu,1998-10-17,US,UCLA
leaftj01,T.J. Leaf,1997-04-30,IL,UCLA
mckintr01,Trey McKinney-Jones,1990-08-27,US,"Missouri-Kansas City, Miami (FL)"
moorebe01,Ben Moore,1995-05-13,US,SMU
sumneed01,Edmond Sumner,1995-12-31,US,Xavier
wilkida02,Damien Wilkins,1980-01-11,US,"NC State, Georgia"
adebaba01,Bam Adebayo,1997-07-18,US,Kentucky
waltode01,Derrick Walton,1995-04-03,US,Michigan
willima05,Matt Williams,1993-10-14,US,Central Florida
brownst02,Sterling Brown,1995-02-10,US,SMU
wilsodj01,D.J. Wilson,1996-02-19,US,Michigan
robinde01,Devin Robinson,1995-03-07,US,Florida
buyckdw01,Dwight Buycks,1989-03-06,US,Marquette
hearnre01,Reggie Hearn,1991-08-14,US,Northwestern
kennalu01,Luke Kennard,1996-06-24,US,Duke
bacondw01,Dwayne Bacon,1995-08-30,US,Florida State
mathima01,Mangok Mathiang,1992-10-08,AU,Louisville
monkma01,Malik Monk,1998-02-04,US,Kentucky
paigema01,Marcus Paige,1993-09-11,US,UNC
stoneju01,Julyan Stone,1988-12-07,US,Texas-El Paso
dotsoda01,Damyean Dotson,1994-05-06,US,"Oregon, Houston"
hicksis01,Isaiah Hicks,1994-07-24,US,UNC
kornelu01,Luke Kornet,1995-07-15,US,Vanderbilt
ntilila01,Frank Ntilikina,1998-07-28,BE,
allenja01,Jarrett Allen,1998-04-21,US,Texas
doylemi01,Milton Doyle,1993-10-31,US,Loyola Chicago
webbja01,James Webb III,1993-08-19,US,Boise State
wileyja01,Jacob Wiley,1994-09-04,US,Eastern Washington
arcidry01,Ryan Arcidiacono,1994-03-26,US,Villanova
blakean01,Antonio Blakeney,1996-10-04,US,LSU
markkla01,Lauri Markkanen,1997-05-22,FI,Arizona
pondequ01,Quincy Pondexter,1988-03-10,US,Washington
artisja01,Jamel Artis,1993-01-12,US,Pitt
birchkh01,Khem Birch,1992-09-28,CA,"Pitt, UNLV"
isaacjo01,Jonathan Isaac,1997-10-03,US,Florida State
iwundwe01,Wes Iwundu,1994-12-20,US,Kansas State
purviro01,Rodney Purvis,1994-02-14,US,UConn
cavanty01,Tyler Cavanaugh,1994-02-09,US,George Washington
clevean01,Antonius Cleveland,1994-02-02,US,SE Missouri State
collijo01,John Collins,1997-09-23,US,Wake Forest
dorsety01,Tyler Dorsey,1996-02-18,US,Oregon
leeda03,Damion Lee,1992-10-21,US,"Drexel, Louisville"
magetjo01,Josh Magette,1989-11-28,US,Alabama-Huntsville
morrija01,Jaylen Morris,1995-09-19,US,Molloy
whitean01,Andrew White,1993-06-16,US,"Nebraska, Syracuse"
jacksaa01,Aaron Jackson,1986-05-06,US,Duquesne
qizh01,Zhou Qi,1996-01-16,CN,
belljo01,Jordan Bell,1995-01-07,US,Oregon
bouchch01,Chris Boucher,1993-01-11,LC,"New Mexico Junior College, Northwest College, Oregon"
colliza01,Zach Collins,1997-11-19,US,Gonzaga
swanica01,Caleb Swanigan,1997-04-18,US,Purdue
doziepj01,PJ Dozier,1996-10-25,US,South Carolina
fergute01,Terrance Ferguson,1998-05-17,US,
hamilda02,Daniel Hamilton,1995-08-08,US,UConn
johnsda04,Dakari Johnson,1995-09-22,US,Kentucky
bradlto01,Tony Bradley,1998-01-08,US,UNC
mccreer01,Erik McCree,1993-12-20,US,Louisiana Tech
mitchdo01,Donovan Mitchell,1996-09-07,US,Louisville
mitrona01,Naz Mitrou-Long,1993-08-03,CA,Iowa State
onealro01,Royce O'Neale,1993-06-05,US,"Denver, Baylor"
stockda01,David Stockton,1991-06-24,US,Gonzaga
udohek01,Ekpe Udoh,1987-05-20,US,"Michigan, Baylor"
woltena01,Nate Wolters,1991-05-15,US,South Dakota State
cookech01,Charles Cooke,1994-07-01,US,Dayton
jamesmi02,Mike James,1990-08-18,US,Lamar
jonesja04,Jalen Jones,1993-05-27,US,"SMU, Texas A&M"
lemonwa01,Walt Lemon Jr.,1992-07-26,US,Bradley
milleda01,Darius Miller,1990-03-21,US,Kentucky
okafoem01,Emeka Okafor,1982-09-28,US,UConn
costema01,Matt Costello,1993-08-05,US,Michigan State
paulbr01,Brandon Paul,1991-04-30,US,Illinois
whitede01,Derrick White,1994-07-02,US,"Colorado-Colorado Springs, Colorado"
pattoju01,Justin Patton,1997-06-14,US,Creighton
craigto01,Torrey Craig,1990-12-19,US,USC Upstate
lydonty01,Tyler Lydon,1996-04-09,US,Syracuse
morrimo01,Monte Morris,1995-06-27,US,Iowa State
evansja01,Jawun Evans,1996-07-26,US,Oklahoma State
teodomi01,Miloš Teodosić,1987-03-19,RS,
thornsi01,Sindarius Thornwell,1994-11-15,US,South Carolina
wallaty01,Tyrone Wallace,1994-06-10,US,California
willicj01,C.J. Williams,1990-02-06,US,NC State
wilsoja02,Jamil Wilson,1990-11-21,US,"Oregon, Marquette"
balllo01,Lonzo Ball,1997-10-27,US,UCLA
blueva01,Vander Blue,1992-07-17,US,Marquette
bryanth01,Thomas Bryant,1997-07-31,US,Indiana
carusal01,Alex Caruso,1994-02-28,US,Texas A&M
hartjo01,Josh Hart,1995-03-06,US,Villanova
ingraan01,Andre Ingram,1985-11-19,US,American University
kuzmaky01,Kyle Kuzma,1995-07-24,US,Utah
weartr01,Travis Wear,1990-09-21,US,"UNC, UCLA"
bogdabo01,Bogdan Bogdanović,1992-08-18,RS,
cooleja01,Jack Cooley,1991-04-12,US,Notre Dame
foxde01,De'Aaron Fox,1997-12-20,US,Kentucky
jacksju01,Justin Jackson,1995-03-28,US,UNC
masonfr01,Frank Mason III,1994-04-03,US,Kansas
clavegi01,Gian Clavell,1993-11-26,PR,Colorado State
colliky01,Kyle Collinsworth,1991-10-03,US,BYU
hopsosc01,Scotty Hopson,1989-08-08,US,Tennessee
klebima01,Maxi Kleber,1992-01-29,DE,
motlejo01,Johnathan Motley,1995-05-04,US,Baylor
smithde03,Dennis Smith Jr.,1997-11-25,US,NC State
warneja01,Jameel Warney,1994-01-31,US,Stony Brook University
brookdi01,Dillon Brooks,1996-01-22,CA,Oregon
brookma01,MarShon Brooks,1989-01-26,US,Providence
henrymy01,Myke Henry,1992-12-23,US,DePaul
huntevi01,Vince Hunter,1994-08-05,US,Texas-El Paso
johnsom01,Omari Johnson,1989-11-26,JM,Oregon State
rabbiv01,Ivan Rabb,1997-02-04,US,California
rathaxa01,Xavier Rathan-Mayes,1994-04-29,CA,Florida State
simmoko01,Kobi Simmons,1997-07-04,US,Arizona
teaguma01,Marquis Teague,1993-02-28,US,Kentucky
grayjo01,Josh Gray,1993-09-09,US,LSU
harrish01,Shaquille Harrison,1993-10-06,US,Tulsa
jacksjo02,Josh Jackson,1997-02-10,US,Kansas
peteral01,Alec Peters,1995-04-13,US,Valparaiso
reedda01,Davon Reed,1995-06-11,US,Miami (FL)
colsobo01,Bonzie Colson,1996-01-12,US,Notre Dame
divindo01,Donte DiVincenzo,1997-01-31,US,Villanova
duvaltr01,Trevon Duval,1998-08-03,US,Duke
loydjo01,Jordan Loyd,1993-07-27,US,"Furman University, University of Indianapolis"
boldejo01,Jonah Bolden,1996-01-02,AU,UCLA
highsha01,Haywood Highsmith,1996-12-09,US,Wheeling University
miltosh01,Shake Milton,1996-09-26,US,SMU
shamela01,Landry Shamet,1997-03-13,US,Wichita State
smithzh01,Zhaire Smith,1999-06-04,US,Texas Tech
wanambr01,Brad Wanamaker,1989-07-25,US,Pitt
williro04,Robert Williams,1997-10-17,US,Texas A&M
holidaa01,Aaron Holiday,1996-09-30,US,UCLA
johnsal02,Alize Johnson,1996-04-22,US,"Frank Phillips College, Missouri State"
creekmi01,Mitch Creek,1992-04-27,AU,
kurucro01,Rodions Kurucs,1998-02-05,LV,
mccalta01,Tahjere McCall,1994-08-17,US,Tennessee State
musadz01,Džanan Musa,1999-05-08,BA,
pinsoth01,Theo Pinson,1995-11-05,US,UNC
bambamo01,Mo Bamba,1998-05-12,US,Texas
briscis01,Isaiah Briscoe,1996-04-13,US,Kentucky
caupatr01,Troy Caupain,1995-11-29,US,Cincinnati
frazime01,Melvin Frazier,1996-08-30,US,Tulane
jeffeam01,Amile Jefferson,1993-05-07,US,Duke
brownbr01,Bruce Brown,1996-08-15,US,Miami (FL)
loftoza01,Zach Lofton,1992-11-18,US,"Illinois State, Texas Southern, New Mexico State"
lucaska01,Kalin Lucas,1989-05-24,US,Michigan State
mykhasv01,Svi Mykhailiuk,1997-06-10,UA,Kansas
thomakh01,Khyri Thomas,1996-05-08,US,Creighton
bridgmi02,Miles Bridges,1998-03-21,US,Michigan State
chealjo01,Joe Chealey,1995-11-01,US,College of Charleston
grahade01,Devonte' Graham,1995-02-22,US,Kansas
macurjp01,J.P. Macura,1995-06-05,US,Xavier
matenya01,Yante Maten,1996-08-14,US,Georgia
robindu01,Duncan Robinson,1994-04-22,US,"Williams, Michigan"
terryem01,Emanuel Terry,1996-08-21,US,Lincoln Memorial
browntr01,Troy Brown Jr.,1999-07-28,US,Oregon
adamsja01,Jaylen Adams,1996-05-04,US,St. Bonaventure
huertke01,Kevin Huerter,1998-08-27,US,Maryland
humphis01,Isaac Humphries,1998-01-05,AU,Kentucky
johnsbj01,B.J. Johnson,1995-12-21,US,"Syracuse, La Salle"
siberjo01,Jordan Sibert,1992-08-01,US,"Ohio State, Dayton"
spellom01,Omari Spellman,1997-07-21,US,Villanova
youngtr01,Trae Young,1998-09-19,US,Oklahoma
alkinra01,Rawle Alkins,1997-10-29,US,Arizona
cartewe01,Wendell Carter Jr.,1999-04-16,US,Duke
hutchch01,Chandler Hutchison,1996-04-26,US,Boise State
sampsbr01,Brandon Sampson,1997-05-01,US,LSU
adelde01,Deng Adel,1997-02-01,SS,Louisville
blossja01,Jaron Blossomgame,1993-09-16,US,Clemson
sextoco01,Collin Sexton,1999-01-04,US,Alabama
garrebi01,Billy Garrett,1994-10-16,US,DePaul
knoxke01,Kevin Knox,1999-08-11,US,Kentucky
robinmi01,Mitchell Robinson,1998-04-01,US,Western Kentucky
trieral01,Allonzo Trier,1996-01-17,US,Arizona
derrima01,Marcus Derrickson,1996-02-01,US,Georgetown
evansja02,Jacob Evans,1997-06-18,US,Cincinnati
akoonde01,DeVaughn Akoon-Purcell,1993-06-05,US,Illinois State
goodwbr01,Brandon Goodwin,1995-10-02,US,"Central Florida, Florida Gulf Coast"
vandeja01,Jarred Vanderbilt,1999-04-03,US,Kentucky
welshth01,Thomas Welsh,1996-02-03,US,UCLA
simonan01,Anfernee Simons,1999-06-08,US,
trentga02,Gary Trent Jr.,1999-01-18,US,Duke
chiozch01,Chris Chiozza,1995-11-21,US,Florida
clarkga01,Gary Clark,1994-11-16,US,Cincinnati
edwarvi01,Vince Edwards,1996-04-05,US,Purdue
harteis01,Isaiah Hartenstein,1998-05-05,US,
nunnaja01,James Nunnally,1990-07-14,US,UC Santa Barbara
allengr01,Grayson Allen,1995-10-08,US,Duke
burtode02,Deonte Burton,1994-01-31,US,"Marquette, Iowa State"
davisty01,Tyler Davis,1997-05-22,US,Texas A&M
diallha01,Hamidou Diallo,1998-07-31,US,Kentucky
grantdo01,Donte Grantham,1995-03-19,US,Clemson
eubandr01,Drew Eubanks,1997-02-01,US,Oregon State
metuch01,Chimezie Metu,1997-03-22,US,USC
walkelo01,Lonnie Walker IV,1998-12-14,US,Miami (FL)
delgaan01,Ángel Delgado,1994-11-20,DO,Seton Hall
gilgesh01,Shai Gilgeous-Alexander,1998-07-12,CA,Kentucky
robinje01,Jerome Robinson,1997-02-22,US,Boston College
baglema01,Marvin Bagley III,1999-03-14,US,Duke
gilesha01,Harry Giles,1998-04-22,US,Duke
bongais01,Isaac Bonga,1999-11-08,DE,
jonesje01,Jemerrio Jones,1995-04-09,US,"Hill College, New Mexico State"
machasc01,Scott Machado,1990-06-08,US,Iona College
wagnemo01,Moritz Wagner,1997-04-26,DE,Michigan
willijo04,Johnathan Williams,1995-05-22,US,"Missouri, Gonzaga"
bateske01,Keita Bates-Diop,1996-01-23,US,Ohio State
okogijo01,Josh Okogie,1998-09-01,NG,Georgia Tech
reynoca01,Cameron Reynolds,1995-02-07,US,Tulane
terreja01,Jared Terrell,1995-02-10,US,Rhode Island
carteje01,Jevon Carter,1995-09-14,US,West Virginia
hannadu01,Dusty Hannahs,1993-09-02,US,"Texas Tech, Arkansas"
jacksja02,Jaren Jackson Jr.,1999-09-15,US,Michigan State
stephdj01,D.J. Stephens,1990-12-19,US,Memphis
washbju01,Julian Washburn,1991-12-18,US,Texas-El Paso
watanyu01,Yuta Watanabe,1994-10-13,JP,George Washington
bertada02,Dairis Bertāns,1989-09-09,LV,
jacksfr01,Frank Jackson,1998-05-04,US,Duke
willike04,Kenrich Williams,1994-12-02,US,TCU
antetko01,Kostas Antetokounmpo,1997-11-20,GR,Dayton
broekry01,Ryan Broekhoff,1990-08-23,AU,Valparaiso
brunsja01,Jalen Brunson,1996-08-31,US,Villanova
doncilu01,Luka Dončić,1999-02-28,SI,
maconda01,Daryl Macon,1995-11-29,US,Arkansas
spaldra01,Ray Spalding,1997-03-11,US,Louisville
aytonde01,Deandre Ayton,1998-07-23,BS,Arizona
bridgmi01,Mikal Bridges,1996-08-30,US,Villanova
kingge03,George King,1994-01-15,US,Colorado
meltode01,De'Anthony Melton,1998-05-28,US,USC
okoboel01,Elie Okobo,1997-10-23,FR,
brissos01,Oshae Brissett,1998-06-20,CA,Syracuse
daviste02,Terence Davis,1997-05-16,US,Ole Miss
hernade01,Dewan Hernandez,1996-12-09,US,Miami (FL)
pondssh01,Shamorie Ponds,1998-06-29,US,St. John's
thomama02,Matt Thomas,1994-08-04,US,Iowa State
watsopa01,Paul Watson,1994-12-30,US,Fresno State
edwarca01,Carsen Edwards,1998-03-12,US,Purdue
fallta01,Tacko Fall,1995-12-10,SN,Central Florida
greenja02,Javonte Green,1993-07-23,US,Radford
langfro01,Romeo Langford,1999-10-25,US,Indiana
poirivi01,Vincent Poirier,1993-10-17,FR,
watertr01,Tremont Waters,1998-01-10,US,LSU
willigr01,Grant Williams,1998-11-30,US,Tennessee
bitadgo01,Goga Bitadze,1999-07-20,GE,
bowenbr02,Brian Bowen,1998-10-02,US,
alexaky01,Kyle Alexander,1996-10-21,CA,Tennessee
herroty01,Tyler Herro,2000-01-20,US,Kentucky
nunnke01,Kendrick Nunn,1995-08-03,US,"Illinois, Oakland"
okpalkz01,KZ Okpala,1999-04-28,US,Stanford
silvach01,Chris Silva,1996-09-19,GA,South Carolina
vincega01,Gabe Vincent,1996-06-14,US,UC Santa Barbara
pelleno01,Norvel Pelle,1993-02-03,AG,
shayoma01,Marial Shayok,1995-07-26,CA,"Virginia, Iowa State"
thybuma01,Matisse Thybulle,1997-03-04,US,Washington
claxtni01,Nic Claxton,1999-04-17,US,Georgia
halldo01,Donta Hall,1997-08-07,US,Alabama
martije02,Jeremiah Martin,1996-06-19,US,Memphis
lawvi01,Vic Law,1995-12-19,US,Northwestern
martica02,Caleb Martin,1995-09-28,US,"NC State, Nevada"
martico01,Cody Martin,1995-09-28,US,"NC State, Nevada"
mcdanja01,Jalen McDaniels,1998-01-31,US,San Diego State
washipj01,P.J. Washington,1998-08-23,US,Kentucky
hachiru01,Rui Hachimura,1998-02-08,JP,Gonzaga
mathega01,Garrison Mathews,1996-10-24,US,Lipscomb
pasecan01,Anžejs Pasečņiks,1995-12-20,LV,
robinju01,Justin Robinson,1997-10-12,US,Virginia Tech
schofad01,Admiral Schofield,1997-03-30,GB,Tennessee
gaffoda01,Daniel Gafford,1998-10-01,US,Arkansas
mokokad01,Adam Mokoka,1998-07-18,FR,
strusma01,Max Strus,1996-03-28,US,"Lewis (IL), DePaul"
whiteco01,Coby White,2000-02-16,US,UNC
barrerj01,RJ Barrett,2000-06-14,CA,Duke
brazdig01,Ignas Brazdeikis,1999-01-08,LT,Michigan
bonejo01,Jordan Bone,1997-11-05,US,Tennessee
doumbse01,Sekou Doumbouya,2000-12-23,GN,
kinglo02,Louis King,1999-04-06,US,Oregon
brownch02,Charlie Brown Jr.,1997-02-02,US,Saint Joseph's
fernabr01,Bruno Fernando,1998-08-15,AO,Maryland
huntede01,De'Andre Hunter,1997-12-02,US,Virginia
reddica01,Cam Reddish,1999-09-01,US,Duke
boldema01,Marques Bolden,1998-04-17,US,Duke
cookty01,Tyler Cook,1997-09-23,US,Iowa
garlada01,Darius Garland,2000-01-26,US,Vanderbilt
moonema01,Matt Mooney,1996-02-07,US,"Air Force, South Dakota, Texas Tech"
newmama01,Malik Newman,1997-02-21,US,"Mississippi State, Kansas"
porteke02,Kevin Porter Jr.,2000-05-04,US,USC
wadede01,Dean Wade,1996-11-20,US,Kansas State
cacokde01,Devontae Cacok,1996-10-08,US,UNC Wilmington
hortota01,Talen Horton-Tucker,2000-11-25,US,Iowa State
norveza01,Zach Norvell,1997-12-09,US,Gonzaga
coffeam01,Amir Coffey,1997-06-17,US,Minnesota
kabenmf01,Mfiondu Kabengele,1997-08-14,CA,Florida State
mannte01,Terance Mann,1996-10-18,US,Florida State
bolbo01,Bol Bol,1999-11-16,SD,Oregon
cancavl01,Vlatko Čančar,1997-04-10,SI,
portemi01,Michael Porter Jr.,1998-06-29,US,Missouri
clemoch01,Chris Clemons,1997-07-23,US,Campbell
frazimi01,Michael Frazier,1994-03-08,US,Florida
howarwi01,William Howard,1993-10-25,FR,
bazleda01,Darius Bazley,2000-06-12,US,
dortlu01,Luguentz Dort,1999-04-19,CA,Arizona State
hallde01,Devon Hall,1995-07-07,US,Virginia
herveke01,Kevin Hervey,1996-07-09,US,UT Arlington
robyis01,Isaiah Roby,1998-02-03,US,Nebraska
brantja01,Jarrell Brantley,1996-06-07,US,College of Charleston
kiddst01,Stanton Kidd,1992-03-18,US,"South Plains College, NC Central, Colorado State"
morgaju01,Juwan Morgan,1997-04-17,US,Indiana
onimi01,Miye Oni,1997-08-04,US,Yale
tuckera01,Rayjon Tucker,1997-09-24,US,"Florida Gulf Coast, Little Rock"
willini01,Nigel Williams-Goss,1994-09-16,US,"Gonzaga, Washington"
wrighju02,Justin Wright-Foreman,1997-10-27,US,Hofstra
reavejo02,Josh Reaves,1997-06-04,US,Penn State
brownmo01,Moses Brown,1999-10-13,US,UCLA
gabriwe01,Wenyen Gabriel,1997-03-26,SD,Kentucky
hoardja01,Jaylen Hoard,1999-03-30,FR,Wake Forest
littlna01,Nassir Little,2000-02-11,US,UNC
clarkbr01,Brandon Clarke,1996-09-19,CA,"San Jose State, Gonzaga"
gudurma01,Marko Gudurić,1995-03-08,RS,
konchjo01,John Konchar,1996-03-22,US,Purdue-Fort Wayne
moranja01,Ja Morant,1999-08-10,US,Murray State
harpeja01,Jared Harper,1997-09-14,US,Auburn
jeromty01,Ty Jerome,1997-07-08,US,Virginia
johnsca02,Cameron Johnson,1996-03-03,US,"Pitt, UNC"
lecquja01,Jalen Lecque,2000-06-13,US,
owensta01,Tariq Owens,1995-06-30,US,"Tennessee, St. John's, Texas Tech"
johnske04,Keldon Johnson,1999-10-11,US,Kentucky
samanlu01,Luka Šamanić,2000-01-09,HR,
weathqu01,Quinndary Weatherspoon,1996-09-10,US,Mississippi State
guyky01,Kyle Guy,1997-08-11,US,Virginia
jamesju01,Justin James,1997-01-24,US,Wyoming
jeffrda01,DaQuan Jeffries,1997-08-30,US,"Oral Roberts, Tulsa"
mikaer01,Eric Mika,1995-01-05,US,BYU
alexani01,Nickeil Alexander-Walker,1998-09-02,CA,Virginia Tech
cheatzy01,Zylan Cheatham,1995-11-17,US,"San Diego State, Arizona State"
hayesja02,Jaxson Hayes,2000-05-23,US,Texas
mellini01,Nicolò Melli,1991-01-26,IT,
willizi01,Zion Williamson,2000-07-06,US,Duke
culveja01,Jarrett Culver,1999-02-20,US,Texas Tech
martike03,Kelan Martin,1995-08-03,US,Butler
mclaujo01,Jordan McLaughlin,1996-04-09,US,USC
nowelja01,Jaylen Nowell,1999-07-09,US,Washington
reidna01,Naz Reid,1999-08-26,US,LSU
bowmaky01,Ky Bowman,1997-06-16,US,Boston College
muldemy01,Mychal Mulder,1994-06-12,CA,"Vincennes University, Kentucky"
pargoje01,Jeremy Pargo,1986-03-17,US,Gonzaga
pascher01,Eric Paschall,1996-11-04,US,"Fordham, Villanova"
poolejo01,Jordan Poole,1999-06-19,US,Michigan
smailal01,Alen Smailagić,2000-08-18,RS,
toscaju01,Juan Toscano-Anderson,1993-04-10,US,Marquette
joeis01,Isaiah Joe,1999-07-02,US,Arkansas
jonesma05,Mason Jones,1998-07-21,US,"Connors State College, Arkansas"
mathida01,Dakota Mathias,1995-07-11,US,Purdue
maxeyty01,Tyrese Maxey,2000-11-04,US,Kentucky
reedpa01,Paul Reed,1999-06-14,US,DePaul
perryre01,Reggie Perry,2000-03-21,US,Mississippi State
bryanel01,Elijah Bryant,1995-04-19,US,"Elon University, BYU"
diakima01,Mamadi Diakite,1997-01-21,GN,Virginia
merrisa01,Sam Merrill,1996-05-15,US,Utah State University
nworajo01,Jordan Nwora,1998-09-09,US,Louisville
quickim01,Immanuel Quickley,1999-06-17,US,Kentucky
toppiob01,Obi Toppin,1998-03-04,US,Dayton
knighna01,Nathan Knight,1997-09-20,US,William & Mary
mayssk01,Skylar Mays,1997-09-05,US,LSU
okongon01,Onyeka Okongwu,2000-12-11,US,USC
achiupr01,Precious Achiuwa,1999-09-19,NG,Memphis
nesmiaa01,Aaron Nesmith,1999-10-16,US,Vanderbilt
pritcpa01,Payton Pritchard,1998-01-28,US,Oregon
avdijde01,Deni Avdija,2001-01-03,IL,
gillan01,Anthony Gill,1992-10-17,US,"South Carolina, Virginia"
winstca01,Cassius Winston,1998-02-28,US,Michigan State
brimaam01,Amida Brimah,1994-02-11,GH,UConn
stanlca01,Cassius Stanley,1999-08-18,US,Duke
ballla01,LaMelo Ball,2001-08-22,US,
careyve01,Vernon Carey Jr.,2001-02-25,US,Duke
darlina01,Nate Darling,1998-08-30,CA,"UAB, University of Delaware"
richani01,Nick Richards,1997-11-29,JM,Kentucky
rillegr01,Grant Riller,1997-02-08,US,College of Charleston
dotsode01,Devon Dotson,1999-08-02,US,Kansas
willipa01,Patrick Williams,2001-08-26,US,Florida State
flynnma01,Malachi Flynn,1998-05-10,US,"Washington State, San Diego State"
gillefr01,Freddie Gillespie,1997-06-14,US,"Carleton College, Baylor"
harrija01,Jalen Harris,1998-08-14,US,"Nevada, Louisiana Tech"
okorois01,Isaac Okoro,2001-01-26,US,Auburn
stevela01,Lamar Stevens,1997-07-09,US,Penn State
thomabr01,Brodric Thomas,1997-01-28,US,Truman State University
windldy01,Dylan Windler,1996-09-22,US,Belmont
anthoco01,Cole Anthony,2000-05-15,US,UNC
cannade01,Devin Cannady,1996-05-21,US,Princeton
frankro01,Robert Franks,1996-12-18,US,Washington State
hamptrj01,R.J. Hampton,2001-02-07,US,
maneka01,Karim Mané,2000-05-16,SN,Vanier College
okekech01,Chuma Okeke,1998-08-18,US,Auburn
beysa01,Saddiq Bey,1999-04-09,US,Villanova
hayeski01,Killian Hayes,2001-07-27,US,
leesa01,Saben Lee,1999-06-23,US,Vanderbilt
sirvyde01,Deividas Sirvydis,2000-06-10,LT,
stewais01,Isaiah Stewart,2001-05-22,US,Washington
azubuud01,Udoka Azubuike,1999-09-17,NG,Kansas
forretr01,Trent Forrest,1998-06-12,US,Florida State
hugheel01,Elijah Hughes,1998-03-10,US,"Syracuse, East Carolina University"
alexaty01,Ty-Shon Alexander,1998-07-16,US,Creighton
smithja04,Jalen Smith,2000-03-16,US,Maryland
campafa01,Facundo Campazzo,1991-03-23,AR,
howarma02,Markus Howard,1999-03-03,US,Marquette
nnajize01,Zeke Nnaji,2001-01-09,US,Arizona
whittgr01,Greg Whittington,1993-02-07,US,Georgetown
fittsma01,Malik Fitts,1997-07-04,US,"South Florida, Saint Mary's"
oturuda01,Daniel Oturu,1999-09-20,US,Minnesota
scrubja01,Jay Scrubb,2000-09-01,US,John A. Logan College
beyty01,Tyler Bey,1998-02-10,US,Colorado
greenjo02,Josh Green,2000-11-16,AU,Arizona
hintona01,Nate Hinton,1999-06-08,US,Houston
terryty01,Tyrell Terry,2000-09-28,US,Stanford
blevike01,Keljin Blevins,1995-11-24,US,"Southern Miss, Montana State"
ellebcj01,CJ Elleby,2000-06-16,US,Washington State
mannini01,Nico Mannion,2001-03-14,IT,Arizona
wisemja01,James Wiseman,2001-03-31,US,Memphis
banede01,Desmond Bane,1998-06-25,US,TCU
mcderse01,Sean McDermott,1996-11-03,US,Butler
portejo01,Jontay Porter,1999-11-15,US,Missouri
tilliki02,Killian Tillie,1998-03-05,FR,Gonzaga
tillmxa01,Xavier Tillman Sr.,1999-01-12,US,Michigan State
jonestr01,Tre Jones,2000-01-08,US,Duke
vassede01,Devin Vassell,2000-08-23,US,Florida State
lewiski01,Kira Lewis Jr.,2001-04-06,US,Alabama
louzama01,Didi Louzada,1999-02-07,BR,
magnawi01,Will Magnay,1998-06-10,AU,Tulsa
marshna01,Naji Marshall,1998-01-24,US,Xavier
halibty01,Tyrese Haliburton,2000-02-29,US,Iowa State
ramseja01,Jahmi'us Ramsey,2001-06-09,US,Texas Tech
woodaro01,Robert Woodard II,1999-09-22,US,Mississippi State
edwaran01,Anthony Edwards,2001-08-05,US,Georgia
haganas01,Ashton Hagans,1999-07-08,US,Kentucky
mcdanja02,Jaden McDaniels,2000-09-29,US,Washington
deckga01,Gabriel Deck,1995-02-08,AR,
halljo01,Josh Hall,2000-10-08,US,
maledth01,Théo Maledon,2001-06-12,FR,
pokusal01,Aleksej Pokusevski,2001-12-26,RS,
brookar01,Armoni Brooks,1998-06-05,US,Houston
lamban01,Anthony Lamb,1998-01-20,US,University of Vermont
martike04,KJ Martin,2001-01-06,US,
oliveca01,Cameron Oliver,1996-07-11,US,Nevada
tateja01,Jae'Sean Tate,1995-10-28,US,Ohio State
garrema01,Marcus Garrett,1998-11-09,US,Kansas
smartja01,Javonte Smart,1999-06-03,US,LSU
yurtsom01,Omer Yurtseven,1998-06-19,UZ,"NC State, Georgetown"
hausesa01,Sam Hauser,1997-12-08,US,"Marquette, Virginia"
ryanma01,Matt Ryan,1997-04-17,US,"Notre Dame, Vanderbilt, Chattanooga"
delauja01,Javin DeLaurier,1998-04-07,US,Duke
dowtije01,Jeff Dowtin Jr.,1997-05-10,US,Rhode Island
kalaige01,Georgios Kalaitzakis,1999-01-02,GR,
mamuksa01,Sandro Mamukelashvili,1999-05-23,US,Seton Hall
vildolu01,Luca Vildoza,1995-08-11,AR,
wiggili01,Lindell Wigginton,1998-03-28,CA,Iowa State
bassech01,Charles Bassey,2000-10-28,NG,Western Kentucky
henryaa01,Aaron Henry,1999-08-30,US,Michigan State
keybr01,Braxton Key,1997-02-14,US,"Alabama, Virginia"
powelmy01,Myles Powell,1997-07-07,US,Seton Hall
sprinja01,Jaden Springer,2002-09-25,US,Tennessee
bantoda01,Dalano Banton,1999-11-07,CA,Nebraska
barnesc01,Scottie Barnes,2001-08-01,US,Florida State
champju01,Justin Champagnie,2001-06-29,US,Pitt
johnsda08,David Johnson,2001-02-26,US,Louisville
dosunay01,Ayo Dosunmu,2000-01-17,US,Illinois
hillma01,Malcolm Hill,1995-10-26,US,Illinois
mccluma01,Mac McClung,1999-01-06,US,"Georgetown, Texas Tech"
simonma01,Marko Simonovic,1999-10-15,ME,
dukeda01,David Duke Jr.,1999-10-13,US,Providence
edwarke02,Kessler Edwards,2000-08-09,US,Pepperdine
sharpda01,Day'Ron Sharpe,2001-11-06,US,UNC
thomaca02,Cam Thomas,2001-10-13,JP,LSU
mobleev01,Evan Mobley,2001-06-18,US,USC
nembhrj01,RJ Nembhard Jr.,1999-03-22,US,TCU
pangoke01,Kevin Pangos,1993-01-26,CA,Gonzaga
scotttr01,Tre Scott,1996-11-25,US,Cincinnati
barbeca01,Cat Barber,1994-07-25,US,NC State
brownch05,Chaundee Brown Jr.,1998-12-04,US,"Wake Forest, Michigan"
coopesh01,Sharife Cooper,2001-06-11,US,Auburn
johnsja05,Jalen Johnson,2001-12-18,US,Duke
bouknja01,James Bouknight,2000-09-18,US,UConn
joneska01,Kai Jones,2001-01-19,BS,Texas
kulboar01,Arnoldas Kulboka,1998-01-04,LT,
lewissc01,Scottie Lewis,2000-03-12,US,Florida
thorjt01,JT Thor,2002-08-26,US,Auburn
grimequ01,Quentin Grimes,2000-05-08,US,"Kansas, Houston"
hallty01,Tyler Hall,1997-03-25,US,Montana State
huntfe01,Feron Hunt,1999-07-05,US,SMU
mcbrimi01,Miles McBride,2000-09-08,US,West Virginia
simsje01,Jericho Sims,1998-10-20,US,Texas
ayayijo01,Joel Ayayi,2000-03-05,FR,Gonzaga
echenja01,Jaime Echenique,1997-04-27,CO,"Trinity Valley CC, Wichita State"
goodwjo01,Jordan Goodwin,1998-10-23,US,Saint Louis
kispeco01,Corey Kispert,1999-03-03,US,Gonzaga
schakjo01,Jordan Schakel,1998-06-13,US,San Diego State
swordcr01,Craig Sword,1994-01-16,US,Mississippi State
toddis01,Isaiah Todd,2001-10-17,US,
caverah01,Ahmad Caver,1996-09-12,US,Old Dominion
duartch01,Chris Duarte,1997-06-13,DO,Oregon
jacksis01,Isaiah Jackson,2002-01-10,US,Kentucky
jarrede01,DeJon Jarreau,1998-01-23,US,"UMass, Houston"
sykeske01,Keifer Sykes,1993-12-30,US,Green Bay
taylote01,Terry Taylor,1999-09-23,US,Austin Peay State University
washidu02,Duane Washington Jr.,2000-03-24,DE,Ohio State
yorkga01,Gabe York,1993-08-02,US,Arizona
cunnica01,Cade Cunningham,2001-09-25,US,Oklahoma State
garzalu01,Luka Garza,1998-12-27,US,Iowa
liveris01,Isaiah Livers,1998-07-28,US,Michigan
paigeja01,Jaysean Paige,1994-07-30,US,"College of Southern Idaho, Moberly Area Community College, West Virginia"
palmetr01,Trayvon Palmer,1994-11-13,US,"North Dakota State College of Science, Chicago State"
pickeja01,Jamorko Pickett,1997-12-24,US,Georgetown
pottemi01,Micah Potter,1998-04-06,US,"Ohio State, Wisconsin"
fordal03,Aleem Ford,1997-12-22,US,Wisconsin
graveha01,Hassani Gravett,1996-07-16,US,"Pensacola State, South Carolina"
suggsja01,Jalen Suggs,2001-06-03,US,Gonzaga
wagnefr01,Franz Wagner,2001-08-27,DE,Michigan
basspa01,Paris Bass,1995-08-29,US,Detroit Mercy
lundbga01,Gabriel Lundberg,1994-12-04,DK,
wainris01,Ish Wainright,1994-09-12,US,Baylor
walkemj01,M.J. Walker,1998-03-28,US,Florida State
aldamsa01,Santi Aldama,2001-01-10,ES,Loyola (MD)
buchash01,Shaq Buchanan,1997-01-30,US,"Northeast Mississippi Community College, Murray State"
ponsyv01,Yves Pons,1999-05-07,HT,Tennessee
sneedxa01,Xavier Sneed,1997-12-21,US,Kansas State
teskejo01,Jon Teske,1997-05-04,US,Michigan
willizi02,Ziaire Williams,2001-09-12,US,Stanford
kuminjo01,Jonathan Kuminga,2002-10-06,CD,
moodymo01,Moses Moody,2002-05-31,US,Arkansas
jonesca03,Carlik Jones,1997-12-23,US,"Radford, Louisville"
mclauja01,JaQuori McLaughlin,1998-01-29,US,"Oregon State, UC Santa Barbara"
omorueu01,Eugene Omoruyi,1997-02-14,NG,"Rutgers University, Oregon"
wrighmo01,Moses Wright,1998-12-23,US,Georgia Tech
butleja02,Jared Butler,2000-08-25,US,Baylor
cornepe01,Petr Cornelie,1995-07-26,FR,
hylanbo01,Bones Hyland,2000-09-14,US,VCU
bolmale01,Leandro Bolmaro,2000-09-11,AR,
wrighmc01,McKinley Wright IV,1998-10-25,US,Colorado
bostobr01,Brandon Boston Jr.,2001-11-28,US,Kentucky
johnske07,Keon Johnson,2002-03-10,US,Tennessee
moonxa01,Xavier Moon,1995-01-02,US,"Northwest Florida State College, Morehead State University"
alvarjo01,Jose Alvarado,1998-04-12,US,Georgia Tech
joneshe01,Herbert Jones,1998-10-06,US,Alabama
murphtr02,Trey Murphy III,2000-06-18,US,"Rice University, Virginia"
landajo01,Jock Landale,1995-10-25,AU,Saint Mary's
primojo01,Joshua Primo,2002-12-24,CA,Alabama
wieskjo01,Joe Wieskamp,1999-08-23,US,Iowa
huffja01,Jay Huff,1998-08-25,US,Virginia
reaveau01,Austin Reaves,1998-05-29,US,"Wichita State, Oklahoma"
mitchda01,Davion Mitchell,1998-09-05,US,"Auburn, Baylor"
murkead01,Ade Murkey,1998-01-29,US,Denver
quetane01,Neemias Queta,1999-07-13,PT,Utah State University
browngr01,Greg Brown III,2001-09-01,US,Texas
cumbeja01,Jarron Cumberland,1997-09-22,US,Cincinnati
mcgrica01,Cameron McGriff,1997-09-30,US,Oklahoma State
watfotr01,Trendon Watford,2000-11-09,US,LSU
willibr03,Brandon Williams,1999-11-22,US,Arizona
edwarro01,Rob Edwards,1997-01-20,US,"Cleveland State University, Arizona State"
giddejo01,Josh Giddey,2002-10-10,AU,
krejcvi01,Vít Krejčí,2000-06-19,CZ,
manntr01,Tre Mann,2001-02-03,US,Florida
robinje02,Jeremiah Robinson-Earl,2000-11-03,US,Villanova
sarrol01,Olivier Sarr,1999-02-20,FR,"Wake Forest, Kentucky"
simpsza01,Zavier Simpson,1997-02-11,US,Michigan
waterli01,Lindy Waters III,1997-07-28,US,Oklahoma State
wiggiaa01,Aaron Wiggins,1999-01-02,US,Maryland
chrisjo01,Josh Christopher,2001-12-08,US,Arizona State
garubus01,Usman Garuba,2002-03-09,ES,
greenja05,Jalen Green,2002-02-09,US,
nixda01,Daishen Nix,2002-02-13,US,
queentr01,Trevelin Queen,1997-02-25,US,"College of Marin, New Mexico Military Institute, New Mexico State"
sengual01,Alperen Şengün,2002-07-25,TR,
beaucma01,MarJon Beauchamp,2000-10-12,US,Yakima Valley Community College
greenaj01,A.J. Green,1999-09-27,US,University of Northern Iowa
davisjd01,JD Davison,2002-10-03,US,Alabama
champju02,Julian Champagnie,2001-06-29,US,St. John's
fostemi02,Michael Foster Jr.,2003-01-16,US,
mobleis01,Isaiah Mobley,1999-09-24,US,USC
keelstr01,Trevor Keels,2003-08-26,US,Duke
grayra01,RaiQuan Gray,1999-07-07,US,Florida State
smithdr01,Dru Smith,1997-12-30,US,"University of Evansville, Missouri"
willial06,Alondes Williams,1999-06-19,US,"Triton College, Oklahoma, Wake Forest"
bouyeja01,Jamaree Bouyea,1999-06-27,US,San Francisco
cainja01,Jamal Cain,1999-03-20,US,"Marquette, Oakland"
jovicni01,Nikola Jović,2003-06-09,GB,
robinor01,Orlando Robinson,2000-07-10,US,Fresno State
griffaj01,AJ Griffin,2003-08-25,US,Duke
martity01,Tyrese Martin,1999-03-07,US,"Rhode Island, UConn"
willido02,Donovan Williams,2001-09-06,US,"Texas, UNLV"
harpero02,Ron Harper Jr.,2000-04-12,US,Rutgers University
kolokch01,Christian Koloko,2000-06-20,CM,Arizona
terryda01,Dalen Terry,2002-07-12,US,Arizona
brownke03,Kendall Brown,2003-05-11,US,Baylor
mathube01,Bennedict Mathurin,2002-06-19,CA,Arizona
nembhan01,Andrew Nembhard,2000-01-16,CA,"Florida, Gonzaga"
cooksxa01,Xavier Cooks,1995-08-19,AU,Winthrop University
davisjo06,Johnny Davis,2002-02-27,US,Wisconsin
jacksqu01,Quenton Jackson,1998-09-15,US,Texas A&M
banchpa01,Paolo Banchero,2002-11-12,US,Duke
harrike01,Kevon Harris,1997-06-24,US,Stephen F. Austin
houstca01,Caleb Houstan,2003-01-09,CA,Michigan
mcgowbr01,Bryce McGowens,2002-11-08,US,Nebraska
willima07,Mark Williams,2001-12-16,US,Duke
boehebu01,Buddy Boeheim,1999-11-11,US,Syracuse
durenja01,Jalen Duren,2003-11-18,US,Memphis
iveyja01,Jaden Ivey,2002-02-13,US,Purdue
rhodeja01,Jared Rhoden,1999-08-27,US,Seton Hall
umudest01,Stanley Umude,1999-04-12,US,"South Dakota, Arkansas"
braunch01,Christian Braun,2001-04-17,US,Kansas
watsope01,Peyton Watson,2002-09-11,US,UCLA
whiteja03,Jack White,1997-08-05,AU,Duke
chandke01,Kennedy Chandler,2002-09-16,US,Tennessee
gilyaja01,Jacob Gilyard,1998-07-14,US,Richmond
laravja01,Jake LaRavia,2001-11-03,US,"Indiana State University, Wake Forest"
loftoke01,Kenneth Lofton Jr.,2002-08-14,US,Louisiana Tech
roddyda01,David Roddy,2001-03-27,US,Colorado State
willivi01,Vince Williams Jr.,2000-08-30,US,VCU
elliske01,Keon Ellis,2000-01-08,US,"Florida SouthWestern State College, Alabama"
monekch01,Chima Moneke,1995-12-24,NG,"Northeast Community College, UC-Davis"
murrake02,Keegan Murray,2000-08-19,US,Iowa
diabamo01,Moussa Diabaté,2002-01-21,FR,Michigan
prestja01,Jason Preston,1999-08-10,US,Ohio University
baldwpa01,Patrick Baldwin Jr.,2002-11-18,US,UW-Milwaukee
quinole01,Lester Quiñones,2000-11-16,US,Memphis
rolliry01,Ryan Rollins,2002-07-03,US,Toledo
chrisma02,Max Christie,2003-02-10,US,Michigan State
pippesc02,Scotty Pippen Jr.,2000-11-10,US,Vanderbilt
swideco01,Cole Swider,1999-05-08,US,"Villanova, Syracuse"
lawsoaj01,A.J. Lawson,2000-07-15,CA,South Carolina
minotjo01,Josh Minott,2002-11-25,US,Memphis
moorewe01,Wendell Moore Jr.,2001-09-18,US,Duke
daniedy01,Dyson Daniels,2003-03-17,AU,
seabrde01,Dereon Seabron,2000-05-26,US,NC State
diengou01,Ousmane Dieng,2003-05-21,FR,
willija06,Jalen Williams,2001-04-14,US,Santa Clara
willija07,Jaylin Williams,2002-06-29,US,Arkansas
hardyja02,Jaden Hardy,2002-07-05,US,
agbajoc01,Ochai Agbaji,2000-04-20,US,Kansas
fontesi01,Simone Fontecchio,1995-12-09,IT,
juzanjo01,Johnny Juzang,2001-03-17,US,"Kentucky, UCLA"
kesslwa01,Walker Kessler,2001-07-26,US,"UNC, Auburn"
butlejo01,John Butler,2002-12-04,US,Florida State
comanch01,Chance Comanche,1996-04-14,US,Arizona
minayju01,Justin Minaya,1999-03-26,US,"South Carolina, Providence"
sharpsh01,Shaedon Sharpe,2003-05-30,CA,Kentucky
walkeja01,Jabari Walker,2002-07-30,US,Colorado
willije02,Nate Williams,1999-02-12,US,Buffalo
daysda01,Darius Days,1999-10-20,US,LSU
easonta01,Tari Eason,2001-05-10,US,"Cincinnati, LSU"
hudgitr01,Trevor Hudgins,1999-03-23,US,Northwest Missouri State University
smithja05,Jabari Smith Jr.,2003-05-13,US,Auburn
washity02,TyTy Washington Jr.,2001-11-15,US,Kentucky
barlodo01,Dominick Barlow,2003-05-26,US,
branhma01,Malaki Branham,2003-05-12,US,Ohio State
halljo02,Jordan Hall,2002-01-14,US,Saint Joseph's
sochaje01,Jeremy Sochan,2003-05-20,US,Baylor
weslebl01,Blake Wesley,2003-03-16,US,Notre Dame
peterdr01,Drew Peterson,1999-11-09,US,"Rice University, USC"
walshjo01,Jordan Walsh,2004-03-03,US,Arkansas
skapidm01,Dmytro Skapintsev,1998-05-12,UA,Cal State Northridge
toppija01,Jacob Toppin,2000-05-08,US,"Rhode Island, Kentucky"
jacksan01,Andre Jackson Jr.,2001-11-13,US,UConn
livinch01,Chris Livingston,2003-10-15,US,Kentucky
batesem01,Emoni Bates,2004-01-28,US,"Memphis, Eastern Michigan"
nancepe01,Pete Nance,2000-02-19,US,"Northwestern, UNC"
portecr01,Craig Porter Jr.,2000-02-26,US,"Vincennes University, Wichita State"
blackan01,Anthony Black,2004-01-20,US,Arkansas
howarje01,Jett Howard,2003-09-14,US,Michigan
sheppbe01,Ben Sheppard,2001-07-16,US,Belmont
tshieos01,Oscar Tshiebwe,1999-11-27,CD,"West Virginia, Kentucky"
walkeja02,Jarace Walker,2003-09-04,US,Houston
wongis01,Isaiah Wong,2001-01-28,US,Miami (FL)
councri01,Ricky Council IV,2001-08-03,US,"Wichita State, Arkansas"
petrufi01,Filip Petrušev,2000-04-15,RS,Gonzaga
smithte01,Terquavion Smith,2002-12-31,US,NC State
jaqueja01,Jaime Jaquez Jr.,2001-02-18,US,UCLA
bitimon01,Onuralp Bitim,1999-03-31,TR,
drellhe01,Henri Drell,2000-04-25,EE,
funkan01,Andrew Funk,1999-09-21,US,"Bucknell, Penn State"
phillju01,Julian Phillips,2003-11-05,US,Tennessee
sanogad01,Adama Sanogo,2002-02-12,ML,UConn
bufkiko01,Kobe Bufkin,2003-09-21,US,Michigan
gueyemo02,Mouhamed Gueye,2002-11-09,SN,Washington State
lundyse01,Seth Lundy,2000-04-02,US,Penn State
clownno01,Noah Clowney,2004-07-14,US,Alabama
whiteda01,Dariq Whitehead,2004-08-01,US,Duke
wilsoja03,Jalen Wilson,2000-11-04,US,Kansas
cartodj01,D.J. Carton,2000-08-05,US,"Ohio State, Marquette"
dickgr01,Gradey Dick,2003-11-20,US,Kansas
freemja01,Javon Freeman-Liberty,1999-10-20,US,"Valparaiso, DePaul"
gueyemo01,Mouhamadou Gueye,1998-07-06,US,"Monroe Community College, Stony Brook University, Pitt"
nowelma01,Markquis Nowell,1999-12-25,US,"Little Rock, Kansas State"
willima11,Malik Williams,1998-08-26,US,Louisville
baileam01,Amari Bailey,2004-02-17,US,UCLA
blackle01,Leaky Black,1999-06-14,US,UNC
mensana01,Nathan Mensah,1998-04-09,GH,San Diego State
micicva01,Vasilije Micić,1994-01-13,RS,
millebr02,Brandon Miller,2002-11-22,US,Alabama
smithni01,Nick Smith Jr.,2004-04-18,US,Arkansas
bernaju01,Jules Bernard,2000-01-21,US,UCLA
coulibi01,Bilal Coulibaly,2004-07-26,FR,
jemistr01,Trey Jemison,1999-11-28,US,"Clemson, UAB"
vukcetr01,Tristan Vukcevic,2003-03-11,IT,
cazalma01,Malcolm Cazalon,2001-08-27,FR,
evbuoto01,Tosan Evbuomwan,2001-02-16,GB,Princeton
sassema01,Marcus Sasser,2000-09-21,US,Houston
thompau01,Ausar Thompson,2003-01-30,US,
flaglad01,Adam Flagler,1999-12-01,US,"Presbyterian College, Baylor"
holmgch01,Chet Holmgren,2002-05-01,US,Gonzaga
johnske08,Keyontae Johnson,2000-05-24,US,"Florida, Kansas State"
wallaca01,Cason Wallace,2003-11-07,US,Kentucky
gilleco01,Collin Gillespie,1999-06-25,US,Villanova
pickeja02,Jalen Pickett,1999-10-22,US,"Siena College, Penn State"
strawju01,Julian Strawther,2002-04-18,US,Gonzaga
tysonhu01,Hunter Tyson,2000-06-13,US,Clemson
millele01,Leonard Miller,2003-11-26,CA,
brownko01,Kobe Brown,2000-01-01,US,Missouri
millejo02,Jordan Miller,2000-01-23,US,"George Mason, Miami (FL)"
dennide01,Dexter Dennis,1999-02-09,US,"Wichita State, Texas A&M"
fudgeal01,Alex Fudge,2003-05-06,US,"LSU, Florida"
livelde01,Dereck Lively II,2004-02-12,US,Duke
prospol01,Olivier-Maxence Prosper,2002-07-03,CA,"Clemson, Marquette"
brockiz01,Izaiah Brockington,1999-07-12,US,"St. Bonaventure, Penn State, Iowa State"
crutcja01,Jalen Crutcher,1999-07-18,US,Dayton
gateska01,Kaiser Gates,1996-11-08,US,Xavier
hawkijo01,Jordan Hawkins,2002-04-29,US,UConn
liddeej01,E.J. Liddell,2000-12-18,US,Ohio State
castlco01,Colin Castleton,2000-05-25,US,"Michigan, Florida"
hodgedm01,D'Moi Hodge,1998-12-20,VG,"State College of Florida, Manatee-Sarasota, Cleveland State University, Missouri"
hoodsja01,Jalen Hood-Schifino,2003-06-19,US,Indiana
lewisma05,Maxwell Lewis,2002-07-27,US,Pepperdine
fordjo01,Jordan Ford,1998-05-26,US,Saint Mary's
jonesco02,Colby Jones,2002-05-28,US,Xavier
slawsja01,Jalen Slawson,1999-10-22,US,Furman University
vezenal01,Sasha Vezenkov,1995-08-06,CY,
jackstr02,Trayce Jackson-Davis,2000-02-22,US,Indiana
podzibr01,Brandin Podziemski,2003-02-25,US,"Illinois, Santa Clara"
santogu01,Gui Santos,2002-06-22,BR,
spencpa01,Pat Spencer,1996-07-04,US,"Loyola (MD), Northwestern"
samueje01,Jermaine Samuels,1998-11-13,US,Villanova
thompam01,Amen Thompson,2003-01-30,US,
whitmca01,Cam Whitmore,2004-07-08,US,Villanova
georgke01,Keyonte George,2003-11-08,US,Baylor
hendrta01,Taylor Hendricks,2003-11-22,US,Central Florida
sensabr01,Brice Sensabaugh,2003-10-30,US,Ohio State
allenti01,Timmy Allen,2000-01-09,US,"Utah, Texas"
hurtma01,Matthew Hurt,2000-04-20,US,Duke
jacksgg01,GG Jackson II,2004-12-17,US,South Carolina
pereima01,Mãozinha Pereira,2000-08-28,BR,
cissosi01,Sidy Cissoko,2004-04-02,FR,
wembavi01,Victor Wembanyama,2004-01-04,FR,
badjiib01,Ibou Badji,2002-10-13,SN,
camarto01,Toumani Camara,2000-05-08,BE,"Georgia, Dayton"
hendesc01,Scoot Henderson,2004-02-03,US,
mooreta02,Taze Moore,1998-06-29,US,"Cal State-Bakersfield, Houston"
murrakr01,Kris Murray,2000-08-19,US,Iowa
reathdu01,Duop Reath,1996-06-26,SS,"Lee College, LSU"
ruperra01,Rayan Rupert,2004-05-31,FR,
tomlina01,Nae'Qwan Tomlin,2000-12-10,US,"Monroe Community College, Chipola College, Kansas State, Memphis"
travelu01,Luke Travers,2001-09-03,AU,
tysonja01,Jaylon Tyson,2002-12-02,US,"Texas, Texas Tech, California"
norrimi01,Miles Norris,2000-04-15,US,"Oregon, City College of San Francisco, UC Santa Barbara"
scheiba01,Baylor Scheierman,2000-09-26,US,"South Dakota State, Creighton"
dadiepa01,Pacôme Dadiet,2005-07-27,FR,
hukpoar01,Ariel Hukporti,2002-04-12,DE,
kolekty01,Tyler Kolek,2001-03-27,US,"George Mason, Marquette"
mcculke01,Kevin McCullar Jr.,2001-03-15,US,"Texas Tech, Kansas"
watsoan02,Anton Watson,2000-10-06,US,Gonzaga
dennira01,RayJ Dennis,2001-03-30,US,"Boise State, Toledo, Baylor"
freemen01,Enrique Freeman,2000-07-29,US,University of Akron
furphjo01,Johnny Furphy,2004-12-08,AU,Kansas
newtotr01,Tristen Newton,2001-04-26,US,"East Carolina University, UConn"
johnsaj01,AJ Johnson,2004-12-01,US,
robbili01,Liam Robbins,1999-07-12,US,"Drake University, Minnesota, Vanderbilt"
smithty02,Tyler Smith,2004-11-02,US,
hollaro01,Ron Holland,2005-07-07,US,
jenkida01,Daniss Jenkins,2001-08-17,US,"University of the Pacific, Odessa College, Iona College, St. John's"
klintbo01,Bobi Klintman,2003-03-06,SE,Wake Forest
smithto05,Tolu Smith,2000-07-26,US,"Western Kentucky, Mississippi State"
dasiltr01,Tristan Da Silva,2001-05-15,DE,Colorado
plowdda01,Daeqwon Plowden,1998-08-29,US,Bowling Green
risacza01,Zaccharie Risacher,2005-04-08,ES,
wallake01,Keaton Wallace,1999-02-26,US,Texas-San Antonio
buzelma01,Matas Buzelis,2004-10-13,US,
milleem01,Emanuel Miller,2000-06-19,CA,"Texas A&M, TCU"
youngja05,Jahmir Young,2000-10-07,US,"UNC Charlotte, Maryland"
johnske10,Keshad Johnson,2001-06-23,US,"San Diego State, Arizona"
larsspe01,Pelle Larsson,2001-02-23,SE,"Utah, Arizona"
steveis01,Isaiah Stevens,2000-11-01,US,Colorado State
wareke01,Kel'el Ware,2004-04-20,US,"Oregon, Indiana"
battlja01,Jamison Battle,2001-05-10,US,"George Washington, Minnesota, Ohio State"
chomcul01,Ulrich Chomche,2005-12-30,CM,
mogbojo01,Jonathan Mogbo,2001-10-29,US,"Missouri State, San Francisco"
sheadja01,Jamal Shead,2002-06-24,US,Houston
walteja01,Ja'Kobe Walter,2004-09-04,US,Baylor
beekmre01,Reece Beekman,2001-10-08,US,Virginia
cuiyo01,Cui Yongxi,2003-05-28,CN,
etienty01,Tyson Etienne,1999-09-17,US,Wichita State
martija02,Jaylen Martin,2004-01-28,US,
timmedr01,Drew Timme,2000-09-09,US,Gonzaga
baglema02,Marcus Bagley,2001-10-23,US,Arizona State
bonaad01,Adem Bona,2003-03-28,NG,UCLA
edwarju01,Justin Edwards,2003-12-16,US,Kentucky
mccaija01,Jared McCain,2004-02-20,US,Duke
reeseal01,Alex Reese,1999-05-21,US,Alabama
wheelph02,Phillip Wheeler,2002-04-23,US,
baughda01,Damion Baugh,2000-08-03,US,"Memphis, TCU"
salauti01,Tidjane Salaün,2005-08-10,FR,
simpskj01,KJ Simpson,2002-08-08,US,Colorado
simsja01,Jaylen Sims,1998-12-11,US,UNC Wilmington
carrica01,Bub Carrington,2005-07-21,US,Pitt
georgky01,Kyshawn George,2003-12-12,CH,Miami (FL)
sarral01,Alex Sarr,2005-04-26,FR,
carlsbr01,Branden Carlson,1999-06-14,US,Utah
ducasal01,Alex Ducas,2000-12-11,AU,Saint Mary's
jonesdi01,Dillon Jones,2001-10-29,US,Weber State
leonsma01,Malevy Leons,1999-09-23,NL,"Mineral Area College, Bradley"
mitchaj01,Ajay Mitchell,2002-06-25,BE,UC Santa Barbara
nfalyda01,N'Faly Dante,2001-10-19,ML,Oregon
mcveija01,Jack McVeigh,1996-06-27,AU,Nebraska
sheppre01,Reed Sheppard,2004-06-24,US,Kentucky
jamesbr02,Bronny James,2004-10-06,US,USC
knechda01,Dalton Knecht,2001-04-19,US,"Northeastern Junior College, University of Northern Colorado, Tennessee"
olivaqu01,Quincy Olivari,2001-05-27,US,"Rice University, Xavier"
armeltr01,Armel Traoré,2003-01-23,FR,
alexatr01,Trey Alexander,2003-05-02,US,Creighton
hallpj01,PJ Hall,2002-02-21,US,Clemson
jonessp01,Spencer Jones,2001-06-14,US,Stanford
chrisca02,Cam Christie,2005-07-24,US,Minnesota
flowetr01,Trentyn Flowers,2005-03-08,US,
clarkja02,Jaylen Clark,2001-10-13,US,UCLA
dilliro01,Rob Dillingham,2005-01-04,US,Kentucky
edwarje01,Jesse Edwards,2000-03-18,NL,"West Virginia, Syracuse"
shannte01,Terrence Shannon Jr.,2000-07-30,US,"Texas Tech, Illinois"
colliyu01,Yuri Collins,2001-03-07,US,Saint Louis
postqu01,Quinten Post,2000-03-21,NL,"Mississippi State, Boston College"
roweja01,Jackson Rowe,1997-01-04,CA,Cal State Fullerton
edeyza01,Zach Edey,2002-05-14,CA,Purdue
kawamyu01,Yuki Kawamura,2001-05-02,JP,
pullizy01,Zyon Pullin,2001-03-03,US,"University of California, Riverside, Florida"
spencca01,Cam Spencer,2000-04-06,US,"Loyola (MD), Rutgers University, UConn"
wellsja01,Jaylen Wells,2003-08-26,US,"Sonoma State University, Washington State"
cartede02,Devin Carter,2002-03-18,US,"South Carolina, Providence"
crawfis01,Isaiah Crawford,2001-11-01,US,Louisiana Tech
jonesis01,Isaac Jones,2000-07-11,US,"Wenatchee Valley College, Idaho, Washington State"
gortmja01,Jazian Gortman,2003-04-14,US,
kelleky01,Kylor Kelley,1997-08-26,US,Oregon State
bridgja01,Jalen Bridges,2001-05-14,US,"West Virginia, Baylor"
dunnry01,Ryan Dunn,2003-01-07,US,Virginia
ighodos01,Oso Ighodaro,2002-07-14,US,Marquette
clingdo01,Donovan Clingan,2004-02-23,US,UConn
castlst01,Stephon Castle,2004-11-01,US,UConn
ingraha01,Harrison Ingram,2002-11-27,US,"Stanford, UNC"
minixri01,Riley Minix,2000-09-22,US,"Southeastern University, Morehead State University"
brookke02,Keion Brooks Jr.,2000-08-07,US,"Kentucky, Washington"
matkoka01,Karlo Matković,2001-03-30,BA,
missiyv01,Yves Missi,2004-05-14,BE,Baylor
reevean01,Antonio Reeves,2000-11-20,US,"Illinois State, Kentucky"
colliis01,Isaiah Collier,2004-10-08,US,USC
filipky01,Kyle Filipowski,2003-11-07,US,Duke
harklej01,Elijah Harkless,2000-02-03,US,"Cal State Northridge, Oklahoma, UNLV"
willico04,Cody Williams,2004-11-20,US,Colorado
laniech01,Chaz Lanier,2001-12-19,US,"University of North Florida, Tennessee"
gonzahu01,Hugo González,2006-02-05,ES,
shulgma01,Max Shulga,2002-06-25,UA,"Utah State University, VCU"
tonjejo01,John Tonje,2001-04-23,US,"Colorado State, Missouri, Wisconsin"
william01,Amari Williams,2002-01-28,GB,"Drexel, Kentucky"
diawamo01,Mohamed Diawara,2005-04-29,FR,
brownda04,Darius Brown II,1999-07-28,US,"Cal State Northridge, Montana State, Utah State University"
enarutr01,Tristan Enaruna,2001-06-26,NL,"Kansas, Iowa State, Cleveland State University"
proctty01,Tyrese Proctor,2004-04-01,AU,Duke
hepbuch01,Chucky Hepburn,2003-02-09,US,"Wisconsin, Louisville"
martial01,Alijah Martin,2001-12-26,US,"Florida Atlantic University, Florida"
murraco01,Collin Murray-Boyles,2005-06-10,US,South Carolina
gilbeke01,Keshon Gilbert,2003-06-30,US,"UNLV, Iowa State"
newelas01,Asa Newell,2005-10-05,US,Georgia
broomjo01,Johni Broome,2002-07-19,US,"Morehead State University, Auburn"
edgecvj01,VJ Edgecombe,2005-07-30,BS,Baylor
sallihu01,Hunter Sallis,2003-03-26,US,"Gonzaga, Wake Forest"
moralal01,Alex Morales,1997-11-21,US,"Prince George Community College, Wagner College"
pendano01,Noah Penda,2005-01-07,FR,
richaja02,Jase Richardson,2005-10-16,US,Michigan State
jamessi01,Sion James,2002-12-04,US,"Tulane, Duke"
kalkbry01,Ryan Kalkbrenner,2002-01-17,US,Creighton
knuepko01,Kon Knueppel,2005-08-03,US,Duke
mcneeli01,Liam McNeeley,2005-10-10,US,UConn
gardnmy01,Myron Gardner,2001-05-21,US,"South Plains College, Georgetown, Little Rock"
goldivl01,Vladislav Goldin,2001-05-12,RU,"Texas Tech, Florida Atlantic University, Michigan"
jakucka01,Kasparas Jakučionis,2006-05-29,LT,Illinois
antetal01,Alex Antetokounmpo,2001-08-27,GR,
ryanco01,Cormac Ryan,1998-10-26,US,"Stanford, Notre Dame, UNC"
searsma01,Mark Sears,2002-02-19,US,"Ohio University, Alabama"
essenno01,Noa Essengue,2006-12-18,FR,
olbrila01,Lachlan Olbrich,2003-12-30,AU,"University of California, Riverside"
demineg01,Egor Dëmin,2006-03-03,RU,BYU
johnsch06,Chaney Johnson,2002-06-20,US,Auburn
nelsogr02,Grant Nelson,2002-03-18,US,"North Dakota State University, Alabama"
poweldr01,Drake Powell,2005-09-08,US,UNC
sarafbe01,Ben Saraf,2006-04-14,ZA,
smithma02,Malachi Smith,1999-12-06,US,"Wright State University, Chattanooga, Gonzaga"
traorno01,Nolan Traoré,2006-05-28,FR,
wolfda01,Danny Wolf,2004-05-05,US,"Yale, Michigan"
joneska03,Kam Jones,2002-02-25,US,Marquette
peterta01,Taelon Peter,2002-02-27,US,"Tennessee Technological University, Arkansas Tech University, Liberty"
thompet01,Ethan Thompson,1999-05-04,US,Oregon State
johnstr03,Tre Johnson,2006-03-07,US,Texas
reeseju01,Julian Reese,2003-06-30,US,Maryland
richmka01,Kadary Richmond,2001-08-25,US,"Syracuse, Seton Hall, St. John's"
rileywi01,Will Riley,2006-02-10,CA,Illinois
watkija01,Jamir Watkins,2001-07-06,US,"VCU, Florida State"
barnhbr01,Brooks Barnhizer,2002-03-02,US,Northwestern
sandfpa01,Payton Sandfort,2002-12-04,US,Iowa
topicni01,Nikola Topić,2005-08-10,RS,
youngch01,Chris Youngblood,2002-02-09,US,"Kennesaw State University, South Florida, Alabama"
bryanca01,Carter Bryant,2005-11-26,US,Arizona
harpedy01,Dylan Harper,2006-03-02,US,Rutgers University
jonesda06,David Jones García,2001-11-24,DO,"DePaul, St. John's, Memphis"
holmeda01,DaRon Holmes,2002-08-15,US,Dayton
jonescu01,Curtis Jones,2001-12-04,US,"Indian Hills Community College, Buffalo, Iowa State"
manonch01,Chris Mañon,2001-12-09,US,"Cornell, Vanderbilt"
thierad01,Adou Thiero,2004-05-08,US,"Kentucky, Arkansas"
berinjo01,Joan Beringer,2006-11-11,FR,
zikarro01,Rocco Zikarsky,2006-07-11,AU,
breako01,Koby Brea,2002-11-06,US,"Dayton, Kentucky"
flemira01,Rasheer Fleming,2004-07-10,US,Saint Joseph's
huntlcj01,CJ Huntley,2002-01-06,US,Appalachian State University
maluakh01,Khaman Maluach,2006-09-14,SS,Duke
cookeja01,Javonte Cooke,1999-07-11,US,"University of South Carolina Aiken, Mars Hill University, Winston-Salem State"
yangha01,Yang Hansen,2005-06-26,CN,
kentja01,Jayson Kent,2002-02-03,US,"Bradley, Indiana State University, Texas"
loveca01,Caleb Love,2001-09-27,US,"UNC, Arizona"
konanya01,Yanic Konan Niederhäuser,2003-03-14,CH,"Northern Illinois, Penn State"
omierno01,Norchad Omier,2001-08-28,NI,"Arkansas State University, Miami (FL), Baylor"
pedulse01,Sean Pedulla,2002-10-10,US,"Virginia Tech, Ole Miss"
sandeko01,Kobe Sanders,2002-05-30,US,"Cal Poly, Nevada"
telfoja01,Jahmyl Telfort,2001-04-30,CA,"Northeastern University, Butler"
cryerlj01,LJ Cryer,2001-10-09,US,"Baylor, Houston"
richawi02,Will Richard,2002-12-24,US,"Belmont, Florida"
dickihu01,Hunter Dickinson,2000-11-25,US,"Michigan, Kansas"
fearsje01,Jeremiah Fears,2006-10-14,US,Oklahoma
odurojo01,Josh Oduro,2000-10-14,US,"George Mason, Providence"
peavymi01,Micah Peavy,2001-07-16,US,"Texas Tech, TCU, Georgetown"
queende01,Derik Queen,2004-12-27,US,Maryland
cissemo01,Moussa Cisse,2002-09-10,GN,"Oklahoma State, Ole Miss, Memphis"
flaggco01,Cooper Flagg,2006-12-21,US,Duke
kellymi02,Miles Kelly,2003-01-26,US,"Georgia Tech, Auburn"
nembhry01,Ryan Nembhard,2003-03-10,CA,"Creighton, Gonzaga"
poulajo01,John Poulakidas,2003-04-04,US,Yale
balad01,Adama-Alpha Bal,2003-12-18,FR,"Arizona, Santa Clara"
burtoty01,Tyler Burton,2000-02-11,US,"Richmond, Villanova"
claytwa01,Walter Clayton,2003-03-06,US,"Iona College, Florida"
cowarce01,Cedric Coward,2003-09-11,US,"Willamette University, Eastern Washington, Washington State"
loverla01,Lawson Lovering,2003-05-09,US,"Colorado, Utah"
mashaja01,Jahmai Mashack,2002-11-10,US,Tennessee
okanito01,Toby Okani,2001-10-05,US,"Duquesne, University of Illinois at Chicago, West Virginia"
smallja01,Javon Small,2002-12-19,US,"East Carolina University, Oklahoma State, West Virginia"
willilu01,Lucas Williamson,1999-01-28,US,Loyola Chicago
cardwdy01,Dylan Cardwell,2001-12-16,US,Auburn
cliffni01,Nique Clifford,2002-02-09,US,"Colorado, Colorado State"
raynama01,Maxime Raynaud,2003-04-07,FR,Stanford
baileac01,Ace Bailey,2006-08-13,US,Rutgers University
garcian01,Andersson Garcia,2000-08-23,DO,"Mississippi State, Texas A&M"
grayha01,Hayden Gray,2003-05-11,US,UC San Diego
hinsobl01,Blake Hinson,1999-12-26,US,"Ole Miss, Iowa State, Pitt"
mbengbe01,Bez Mbeng,2003-05-02,US,Yale
